user_name,user_description,user_link,location,investments,followers
,,,,,
XY Gaming,We Get Video Gamers Paid,https://angel.co/xy-gaming,Brisbane,Apr ’13,79
Black Sheep Capital,Evolved Investing,https://angel.co/black-sheep-capital,Brisbane,May ’15,20
Bolt Motorbikes,"High performance electric motorbikes with no license, registration or insurance required.",https://angel.co/bolt-motorbikes,San Francisco,Dec ’14,61
Tappr,Next generation of payment technology,https://angel.co/tappr-1,Brisbane,Sep ’13,43
Pixmoto,Pixmoto Combines Powerful Video Storytelling With Inspiring Call to Action,https://angel.co/next-big-idea,Boulder,Oct ’15,10
Ruffle,"Send fun, anonymous picture messages to any phone number.",https://angel.co/ruffle,Brisbane,Jun ’15,4
BDS.com.au,,https://angel.co/bds-com-au,Brisbane,Mar ’14,15
Liquid State,Wordpress for apps.,https://angel.co/liquid-state,Brisbane,Nov ’13,25
SwipeAds,CAPTCHA Security & Advertising,https://angel.co/swipeads,Brisbane,Jun ’16,11
FunCaptcha,,https://angel.co/funcaptcha,Brisbane,Jun ’16,5
HaystackHQ,Visual analytics for legal eDiscovery,https://angel.co/haystackhq,Brisbane,Oct ’11,52
Churn.tv,Endless channels of online video.,https://angel.co/churn-tv,Brisbane,Feb ’14,18
Corilla,Collaboration tools for technical writers,https://angel.co/corilla,Brisbane,Feb ’15,18
River City Labs Accelerator,Seed accelerator program powered by muru-D,https://angel.co/river-city-labs-accelerator,Brisbane,Feb ’16,9
Smithsoft,Mobile and Web Application Expertise,https://angel.co/smithsoft,Brisbane,Feb ’15,3
ilab Accelerator,ilab is a thriving accelerator that turns tech startups into successful global ventures.,https://angel.co/ilab-accelerator,Brisbane,Jul ’13,55
Coltpay,Online and SMS P2P Payments,https://angel.co/coltpay,Brisbane,Jan ’13,6
Wikifashion,The ultimate fashion resource.,https://angel.co/wikifashion,Brisbane,Jul ’11,38
Hungry Apps,Food and Beverage Mobile Ordering,https://angel.co/hungry-apps,Brisbane,May ’12,25
QSPectral Systems,Enabling Connected Health,https://angel.co/qspectral-systems,Brisbane,Jan ’15,4
,,,,,
SafetyCulture,Mobile Workplace Safety Management,https://angel.co/safetyculture,Townsville City,Dec ’13,45
XY Gaming,We Get Video Gamers Paid,https://angel.co/xy-gaming,Brisbane,Apr ’13,79
Black Sheep Capital,Evolved Investing,https://angel.co/black-sheep-capital,Brisbane,May ’15,20
Bolt Motorbikes,"High performance electric motorbikes with no license, registration or insurance required.",https://angel.co/bolt-motorbikes,San Francisco,Dec ’14,61
Tappr,Next generation of payment technology,https://angel.co/tappr-1,Brisbane,Sep ’13,43
Pixmoto,Pixmoto Combines Powerful Video Storytelling With Inspiring Call to Action,https://angel.co/next-big-idea,Boulder,Oct ’15,10
Ruffle,"Send fun, anonymous picture messages to any phone number.",https://angel.co/ruffle,Brisbane,Jun ’15,4
BDS.com.au,,https://angel.co/bds-com-au,Brisbane,Mar ’14,15
GoFair,"""Name your price"" for travel activities",https://angel.co/gofair,Gold Coast,Sep ’14,5
Liquid State,Wordpress for apps.,https://angel.co/liquid-state,Brisbane,Nov ’13,25
SwipeAds,CAPTCHA Security & Advertising,https://angel.co/swipeads,Brisbane,Jun ’16,11
FunCaptcha,,https://angel.co/funcaptcha,Brisbane,Jun ’16,5
HaystackHQ,Visual analytics for legal eDiscovery,https://angel.co/haystackhq,Brisbane,Oct ’11,52
Churn.tv,Endless channels of online video.,https://angel.co/churn-tv,Brisbane,Feb ’14,18
LEAPIN Digital Keys,Better Access,https://angel.co/leapin-digital-keys,Gold Coast,May ’13,24
Corilla,Collaboration tools for technical writers,https://angel.co/corilla,Brisbane,Feb ’15,18
River City Labs Accelerator,Seed accelerator program powered by muru-D,https://angel.co/river-city-labs-accelerator,Brisbane,Feb ’16,9
Smithsoft,Mobile and Web Application Expertise,https://angel.co/smithsoft,Brisbane,Feb ’15,3
ilab Accelerator,ilab is a thriving accelerator that turns tech startups into successful global ventures.,https://angel.co/ilab-accelerator,Brisbane,Jul ’13,55
Coltpay,Online and SMS P2P Payments,https://angel.co/coltpay,Brisbane,Jan ’13,6
Nextwin,Social Betting Network,https://angel.co/nextwin-1,Roma,Jul ’16,6
Composeright Software,Re-writing the way we write in education,https://angel.co/composeright-software-1,Buderim,Aug ’13,9
Wikifashion,The ultimate fashion resource.,https://angel.co/wikifashion,Brisbane,Jul ’11,38
Hungry Apps,Food and Beverage Mobile Ordering,https://angel.co/hungry-apps,Brisbane,May ’12,25
QSPectral Systems,Enabling Connected Health,https://angel.co/qspectral-systems,Brisbane,Jan ’15,4
Freegler,Airbnb for household items,https://angel.co/freegler,Brisbane,May ’13,18
Boss Ranger,Fixing Poker Training,https://angel.co/boss-ranger,Brisbane,May ’16,1
GO1,Learning Management made Easy,https://angel.co/go1com,Brisbane,Jun ’15,18
Shabu,The most straightforward way to increase total body strength for beginners.,https://angel.co/shabu-1,Gold Coast,Jan ’16,2
Magneto Communications Pty,Business-writing innovation for Microsoft Office,https://angel.co/magneto-communications-pty,Brisbane,Nov ’13,7
JSON Resume,A community driven open source initiative to create a JSON based standard for resumes,https://angel.co/json-resume,Brisbane,Aug ’14,7
Tagly,Digital engagement SaaS platform for enterprizes,https://angel.co/tagly,Brisbane,Dec ’13,22
Starts at 60,online community for active over 60s,https://angel.co/starts-at-60,Brisbane,Sep ’14,18
Hirehive,Peer-To-Peer Rentals. For Filmmakers.,https://angel.co/hirehive,Brisbane,May ’14,23
Tripcover,Standalone car rental excess insurance,https://angel.co/tripcover-1,Gold Coast,Oct ’13,17
Event Zero,Data-driven Sustainability,https://angel.co/event-zero,Brisbane,Jun ’12,17
Cobimo,Get new hires productive faster,https://angel.co/cobimo,Brisbane,Feb ’16,2
Boardcave,"Find, Compare & Customise Surfboards.",https://angel.co/boardcave,Gold Coast,May ’14,14
Dextr,"A simpler, smarter, faster keyboard that makes texting on a touchscreen as easy as ABC!",https://angel.co/dextr-1,Brisbane,Sep ’13,20
Hydric Media,Tech Studio for the Music Industry,https://angel.co/hydric-media,Brisbane,Jan ’16,6
Social.iQ,,https://angel.co/social-iq,Brisbane,Mar ’13,13
meVu,eSporting Gambling Community,https://angel.co/mevu-3,Brisbane,Dec ’15,4
TwoCents Group,We Are Good Ideas,https://angel.co/twocents-group,Brisbane,Nov ’12,15
Pelofy,Social group cycling,https://angel.co/pelofy,Brisbane,Jan ’14,16
TIASSISTO24,"Don’t worry,  just drive",https://angel.co/tiassisto24,Roma,Oct ’14,6
Ephox / TinyMCE,Embed WYSIWYG rich text editing in your app,https://angel.co/ephox,Palo Alto,Feb ’13,20
Narratif,Discover conversations and influencers in social media,https://angel.co/narratif,Brisbane,Jul ’14,15
Flystein,21st century travel agency,https://angel.co/flystein,Brisbane,Apr ’16,6
Helloify,Business messaging reinvented,https://angel.co/helloify,Gold Coast,Dec ’14,4
RedEye Apps,Cloud based Engineering Drawing Management Solution,https://angel.co/redeye-apps,Brisbane,Jun ’15,28
Bancha,The best way to manage your vacation rental.,https://angel.co/bancha-2,Roma,Jul ’14,5
CloudMGR,Visibility and Control of your AWS Cloud,https://angel.co/cloudmgr,San Francisco,Apr ’16,3
WunderWalk,"instant personal outings anytime, anywhere",https://angel.co/wunderwalk,Brisbane,Nov ’14,11
Smooth Operator,The most effiecient POS on the Market,https://angel.co/smooth-operator,Brisbane,Apr ’14,12
Haystack,Your contact details - synced with everybody,https://angel.co/haystack-7,Brisbane,Oct ’13,11
Outfit,Web based brand and marketing asset templating and production tool,https://angel.co/outfit-1,Brisbane,Nov ’14,4
SKWOD,Popular fitness trainers selling access to their exclusive squads,https://angel.co/skwod,Brisbane,Feb ’16,8
Puntaa,"Bet cash with your mates, on any event and get paid all, on your mobile.",https://angel.co/puntaa,Brisbane,Oct ’15,8
Pimovation Pty,"We help people do Project Management, better.",https://angel.co/pimovation-pty,Brisbane,Jun ’14,10
HSK Instruments,"Respiratory physiotherapy, revolutionised",https://angel.co/hsk-instruments-1,Brisbane,Dec ’14,9
iSpiMi,Connecting local customers with local businesses,https://angel.co/ispimi,Brisbane,Sep ’15,5
Utilities.com.au,Scalable Disruptive Comparison Technology,https://angel.co/utilities-com-au,Brisbane,Mar ’15,3
Refactor,,https://angel.co/refactor,Gold Coast,Apr ’14,8
Jenio,The smartest way to find a pro,https://angel.co/jenio-1,Roma,Aug ’15,7
GCDuino,Arduino Electronics kits for big kids and little kids,https://angel.co/gcduino,Gold Coast,Mar ’15,2
Tanjo,Automated Bills Payments and Budgeting,https://angel.co/tanjo,Brisbane,Sep ’15,3
fastabook,online booking service for everyday services,https://angel.co/fastabook,Brisbane,Aug ’14,6
agAlytics,A breakthrough in agricultural testing,https://angel.co/agalytics,Brisbane,Jan ’16,3
TEMSCORP,Build Faster and Smarter Deliver Quality Results,https://angel.co/tems-2,San Francisco,Oct ’15,5
Sidelab,Helping Enterprise Customers Successfully Engage with New Technologies,https://angel.co/sidelab,Brisbane,Mar ’12,7
Tootle Search,Google for TOR Browser,https://angel.co/tootle-search-1,Brisbane,Apr ’16,2
Spike Innovation,Advisor to early stage tech startups. Pitch coaching specialist.,https://angel.co/spike-innovation,Brisbane,Jan ’13,7
Konveen,Konveen is an Enterprise meeting solution,https://angel.co/konveen,Cairns,Sep ’14,7
FitQuick,Find fitness experts fast,https://angel.co/fitquick,Brisbane,Sep ’14,5
HungryHero,Customers on demand,https://angel.co/hungryhero-1,Brisbane,Feb ’14,5
City Publicity,The online publicity agency,https://angel.co/city-publicity,Brisbane,Mar ’15,2
Ensizon,We create AWESOME Internet of Things (IoT),https://angel.co/ensizon,Brisbane,Apr ’14,4
Skyborne Technologies,Autonomous Hybrid Drones,https://angel.co/tylt-airborne-systems,Brisbane,Jun ’15,11
GoCatalyze,Intuitive business process accelerator,https://angel.co/gocatalyze,Brisbane,Aug ’13,9
Nakili Organics,Inspiring happiness!,https://angel.co/nakili-organics,Brisbane,Dec ’13,5
Fathom,Beautiful Financial Reporting,https://angel.co/fathom-1,Brisbane,Jul ’14,13
Two Forte,Startup design and development,https://angel.co/two-forte,Brisbane,Apr ’15,2
uonbusiness,The Next Generation of Business Networking,https://angel.co/uonbusiness,Brisbane,Mar ’15,4
Telagram,"Share life, live",https://angel.co/telagram,Brisbane,Oct ’12,19
A-Z Online Shop,Looking to expand world wide,https://angel.co/a-z-online-shop,Brisbane,Oct ’14,4
Whazzo,Mobile Event & Ticket Platform,https://angel.co/whazzo-2,Roma,May ’14,11
AgDNA,A big-data analytics engine,https://angel.co/agdna,Brisbane,Apr ’15,10
CartHopper,Get your stuff moved by someone going your way,https://angel.co/carthopper,Gold Coast,May ’14,4
SPARK BUREAU,"coworking, incubator and accelerator",https://angel.co/spark-bureau,Brisbane,Oct ’15,3
Tech Tidal,Queensland's startup media voice.,https://angel.co/tech-tidal,Brisbane,Feb ’14,7
Uwantabet,monetising sports traffic,https://angel.co/uwantabet,Brisbane,Oct ’11,7
Turnout,Crowd funding for live music events,https://angel.co/turnout-1,Brisbane,Jul ’12,15
Bitcoin Miners,High ROI Bitcoin Mining project,https://angel.co/bitcoin-miners,Brisbane,Feb ’14,27
Noble NoBull,"Create Art (Film, Music, Books, Talent) that will stand the test of time...",https://angel.co/noble-nobull,Gold Coast,Feb ’15,1
NoobTrader,Selling online for newbies,https://angel.co/noobtrader,Cairns,Feb ’11,12
Squirrelr,Proactive online budgeting (mint.com),https://angel.co/squirrelr,Gold Coast,Jul ’13,6
Fotostat,Fotostat is the central hub where photographers can manage their online presence.,https://angel.co/fotostat,Gold Coast,Jan ’13,9
Living Room of Satoshi,Pay bills with Bitcoin,https://angel.co/living-room-of-satoshi,Brisbane,Jun ’14,11
2ndLease,sharing platform for appliances and other household goods,https://angel.co/2ndlease,Brisbane,Mar ’16,2
Geospike,The Social Travel Journal,https://angel.co/geospike,Brisbane,Mar ’13,12
Pummel,Reach your goals with your own personal coach,https://angel.co/pummel,Gold Coast,Jun ’16,4
TripYada,Social sign-in for travel sites and apps,https://angel.co/tripyada,Gold Coast,Dec ’14,3
mobiActivation,Mobile applications to redefine social engagment,https://angel.co/mobiactivation,Townsville City,Sep ’15,1
Join My Wedding,Meetup/Eventbrite for Weddings - buy&sell tickets to weddings around the world,https://angel.co/join-my-wedding,Brisbane,Aug ’15,5
The Eikonico Project,"Gameplay exploring transhumanist states, integrating world-building and self-governance.",https://angel.co/the-eikonico-project,Brisbane,Mar ’12,10
Eclat Cloud,Exited,https://angel.co/eclat,Brisbane,Aug ’13,3
www.blktatu.com,Mailbox for a drone,https://angel.co/www-blktatu-com,Townsville City,Sep ’15,4
VisaRoom,Connecting Million of Visa Applicants To Thousand of Migration Agents.,https://angel.co/visaroom,Brisbane,Apr ’15,3
Starving Kids,,https://angel.co/starving-kids,Brisbane,Jan ’15,1
White Horse Audio,Audio Hire and Event Company,https://angel.co/white-horse-audio,Brisbane,Jan ’15,1
Olly's Box,"Olly's Box, a subscription e-commerce company for dog-lovers.",https://angel.co/ollysbox,Brisbane,Aug ’13,4
STCA Town Planning,CoreLogic for Town Planning Data,https://angel.co/stca-town-planning,Brisbane,Nov ’15,4
Inkspired,A tool for emerging writers to publish and crowdfund amazing serial stories.,https://angel.co/inkspired,Brisbane,Mar ’15,3
HungryLead,Hustlin for Startups!,https://angel.co/flopbid,Brisbane,Jun ’15,1
Fiftysix Creations,A build it yourself tablet and coding kit for kids!,https://angel.co/fiftysix,Brisbane,Jun ’16,1
HuddleIn,Share and discover with the world.,https://angel.co/huddlein,Brisbane,Sep ’11,9
Keegan Ventures,Your Startup Advisor,https://angel.co/keegan-ventures,Brisbane,Jul ’16,6
Lucid Industries,Trigga : Social Alarm App,https://angel.co/trigga,Brisbane,Feb ’15,15
See-out,Personal and brand reputation management,https://angel.co/see-out,Brisbane,Feb ’14,11
TalentVine,TalentVine connects employers to a selection of bidding recruiters via silent auction.,https://angel.co/talentvine,Brisbane,Mar ’15,7
NEXTRIDE,The Executive Travel App,https://angel.co/nextride,Brisbane,Jan ’15,1
Anionu,Cloud-based video surveillance service,https://angel.co/anionu,Brisbane,Feb ’14,3
Sourcey,Coding and Cloud Infrastructure for Startups,https://angel.co/sourcey,Brisbane,Feb ’14,3
StompStart,"Showcase, promote and discover the latest startup gold.",https://angel.co/stompstart,Brisbane,May ’15,3
Silver Siphon,Automatic Stripe to Xero Sync,https://angel.co/silver-siphon,Brisbane,Apr ’15,2
Hilenium,Marketing workflows for agencies,https://angel.co/hilenium,Brisbane,Jul ’15,2
OneRecruit,Recruiting Software That Works,https://angel.co/onerecruit,Gold Coast,Mar ’15,7
Yesthanks,Coupon Deals & Business Directory,https://angel.co/yesthanks,Brisbane,Feb ’16,1
Prickle Co,Energy efficiency in mining,https://angel.co/prickleco,Brisbane,May ’15,5
Seeker Central,Crowdsourced Shopping Marketplace,https://angel.co/seeker-central,Brisbane,Aug ’15,7
Phenomec,Virtual and Augmented Reality Headset,https://angel.co/phenomec,Brisbane,Sep ’14,6
MyMentor,The Matchmaker for Mentors and Mentees,https://angel.co/mymentor,Brisbane,Jun ’15,12
TwoCents,Global Marketing Company For SMEs,https://angel.co/twocents-2,Brisbane,May ’13,3
MetaMunch,Consumable Business Data,https://angel.co/metamunch,Brisbane,Nov ’13,7
Tag'd,We get lost pets home faster,https://angel.co/tag-d-1,Brisbane,Mar ’14,5
Explanimate!,Explainer videos for winners.,https://angel.co/explanimate,Brisbane,May ’12,5
mypresences,Worlds best Local Marketing Platform,https://angel.co/mypresences,Brisbane,Dec ’13,9
Creative Hearts Group,"We source, coordinate & deliver supplies for corporate, event companies & venues.",https://angel.co/creative-hearts-group,Brisbane,Jan ’13,4
Wonderland Babes,Online Boutique Australia,https://angel.co/wonderland-babes,Brisbane,Jul ’14,4
BuddyVerse,Connecting & Educating Kids Through Minecraft,https://angel.co/buddyverse,Brisbane,Nov ’15,10
Horoscorpio,original networking facility,https://angel.co/horoscorpio-1,Gold Coast,Sep ’14,2
Stellarpaths,A personalised consultant in your pocket. (FindThebest),https://angel.co/stellarpaths,Brisbane,May ’15,2
AussieFaithful,,https://angel.co/aussiefaithful,Brisbane,May ’16,1
SignUp.fyi,Better signups for clubs and societies,https://angel.co/signupfyi,Brisbane,Dec ’15,3
Picovi,Interactive and data-driven infographics,https://angel.co/picovi,Brisbane,Nov ’13,7
Cribber,Private bulletin broadcasts for construction worksites,https://angel.co/cribber,Brisbane,Aug ’15,2
Hatch,Time capsule app,https://angel.co/hatch-6,Brisbane,Feb ’15,2
Bespoke Insights,Regulatory cost-of-capital automation,https://angel.co/bespoke-insights,Brisbane,Oct ’15,2
Laevo,Business Transformation software platform,https://angel.co/laevo,Brisbane,May ’16,3
Hypometer,Summarise the social internet,https://angel.co/hypometer,Brisbane,Feb ’15,8
iRecruit Australia,Perfect Match Algorithm Recruitment App,https://angel.co/irecruit-australia,Brisbane,Dec ’15,6
Genesis AR,A new era of trading card gaming,https://angel.co/genesis-ar,Gold Coast,Feb ’16,6
Fivewise,Manufacturing Intelligence,https://angel.co/fivewise,Brisbane,Jan ’14,4
Clipchamp,Fast and easy video sharing & collecting for B2C and B2B,https://angel.co/clipchamp,Brisbane,Dec ’14,5
Shop My Town,Like Yellow Pages on Steroids,https://angel.co/shop-my-town,Brisbane,Mar ’16,4
Audacious Digital,Track your stuff,https://angel.co/audacious-digital,Toowoomba,May ’16,4
BikeRoar,Tripadvisor for Bikes,https://angel.co/bikeroar,Brisbane,Feb ’13,14
Youbiquiti,Smartphone Alert Currator & Productivity App,https://angel.co/youbiquiti,Brisbane,Sep ’14,6
Snipe for eBay,Simply Tinder for eBay,https://angel.co/snipe-for-ebay,Brisbane,Jan ’16,1
UniQuestions,"Building a Global University Network, through Knowledge",https://angel.co/uniquestions,Brisbane,Jun ’12,11
BizForms,Electronic Mobile forms & Workflow Management,https://angel.co/bizforms,Brisbane,May ’14,8
Kitovu,Task management for client work,https://angel.co/kitovu,Brisbane,Dec ’13,7
Zissou Aquarium Automation,The helper for your aquarium,https://angel.co/zissou-aquarium-automation,Roma,May ’15,3
OverseasDoc,Career Program for International Medical Graduates (Doctors),https://angel.co/overseasdoc,Vila Velha,Aug ’15,4
KinderCloud,Online Allied Health for Kids,https://angel.co/kindercloud-1,Brisbane,Mar ’15,3
Yojay Chillin,International Artist Recognition (Music),https://angel.co/yojay-chillin,Brisbane,Mar ’14,3
ResApp Health,Digital healthcare for respiratory disease.,https://angel.co/resapp-health,Brisbane,Jun ’15,4
GetScheduled.co,Beautiful appointment software,https://angel.co/getscheduled-co,Brisbane,May ’15,4
Freewill,Provides an alternative to bartering and encourages abundance,https://angel.co/freewill,Gold Coast,Apr ’13,1
Earth Wind & Sun s.r.l.,"innovative,hi-tech,cheap and powerful,power quality assessment,Energy Saving,IoT",https://angel.co/earth-wind-sun-s-r-l-1,Gaeta,Dec ’15,6
Journeum,Lonely Planet killer - downloadable travel guides,https://angel.co/journeum,Brisbane,Feb ’12,4
N-Vision Australia,,https://angel.co/n-vision-australia,Brisbane,Oct ’13,2
bowerbirdcuriositiesunlimited,franchised themed social media/ virtual worlds,https://angel.co/bowerbirdcuriositiesunlimited,Brisbane,Mar ’13,5
idroplan,irrigation made smarter,https://angel.co/idroplan,Roma,May ’15,6
The IT Bunch,Your IT Swiss Army Knife,https://angel.co/the-it-bunch,Brisbane,Mar ’12,3
HungryHero,Customers on demand,https://angel.co/hungryhero,Brisbane,Apr ’13,13
Umi,Connecting you to your soulmate,https://angel.co/umi,Brisbane,Apr ’15,2
Vibesonic,Innovating Health,https://angel.co/vibesonic,Brisbane,Dec ’15,1
bowerbirdcuriositiesunlimited,A cyberverse-all embracing webnetwork of virtualenterprise,https://angel.co/bowerbirdcuriositiesunlimited-1,Brisbane,Apr ’13,4
1Enrol,Enrolment platform for International students industry,https://angel.co/1enrol,Brisbane,Aug ’15,4
Lex&Go,Affordable Legal Services for Everybody,https://angel.co/lex-go,Roma,May ’15,2
ClzBy,'Amazon' of Local Services,https://angel.co/clzby,Brisbane,Aug ’14,11
Maid2Match,Homejoy located in Brisbane,https://angel.co/maid2match,Brisbane,Apr ’15,2
Maid2Match,Homejoy located in Brisbane,https://angel.co/maid2match-1,Brisbane,Apr ’15,1
Revo Deck Pty,decking and fence material supply through eCommerce channel.,https://angel.co/revo-deck-pty,Brisbane,Oct ’14,4
PhotoStory,High Definition & More Beautiful Photo Books for Asia,https://angel.co/photostory-1,Gold Coast,Sep ’15,2
Handle My Complaint,"Professional complainers making complaints quick, easy & painless.",https://angel.co/handle-my-complaint,Brisbane,Mar ’12,5
Happen,do life better.,https://angel.co/happen-1,Brisbane,Sep ’15,5
Parda,Innovative Software & App Development Company,https://angel.co/parda,Brisbane,Sep ’15,1
LifeOS,Operating System for your Life,https://angel.co/lifeos,Gold Coast,Mar ’16,2
Everwealth,Personal finances. Made simple.,https://angel.co/everwealth,Brisbane,Jul ’16,2
Didgigo,B2B Digital Content and Promotion Management,https://angel.co/didgigo,Cairns,Apr ’13,2
Cloubum,"We keep your photos and videos safe, so you don't have to worry.",https://angel.co/cloubum,Gold Coast,Jan ’13,4
Whish Contractors,Invest in the Construction Industry,https://angel.co/whish-contractors,Brisbane,Jan ’16,1
PRO biZ&U,Revolutionaries the way we do business through ideas and innovation.,https://angel.co/pro-biz-u,Brisbane,May ’16,1
Seditious Technologies,Numerical analysis for the open web,https://angel.co/seditious-technologies,Brisbane,Feb ’12,5
Skedulo,Enterprise Workforce Scheduling & Mobility,https://angel.co/skedulo,Brisbane,Jun ’14,5
The Property Pool,Web Based Property Management,https://angel.co/the-property-pool,Gold Coast,May ’15,2
Process PA,Your association or board managed in the cloud,https://angel.co/process-pa,Brisbane,Feb ’16,4
Shopalink,Image connecting people needs,https://angel.co/shopalink-1,Brisbane,Feb ’13,5
Trevor,1-Click Apply for Any Job on the Web,https://angel.co/trytrevorstartup,Brisbane,Apr ’15,3
Kasimir,filmmaker,https://angel.co/kasimir,Townsville City,May ’15,1
The Lettuce Store,The novelty gift store chain yet to be born,https://angel.co/the-lettuce-store,Brisbane,Nov ’15,1
Art Market Space,A Revolutionary Art Market Platform,https://angel.co/art-market-space,Brisbane,Aug ’15,3
Where2Tonight,"Drink, food and entertainment deal finder",https://angel.co/where2tonight,Brisbane,Nov ’13,3
Marc Adamson,Silent Investor required for a 50% company and profit share,https://angel.co/marc-adamson-1,Brisbane,Jul ’15,1
0,0,https://angel.co/jumble-2,Brisbane,Aug ’15,4
Dynamic Conversations,Entertaining on-line learning for Small Business,https://angel.co/dynamic-conversations,Cairns,Jun ’15,2
FitFlirter,Dating for sports and fitness enthusiasts,https://angel.co/fitflirter,Brisbane,Feb ’15,3
BattleFit,Challenge based mobile fitness app,https://angel.co/battlefit,Gold Coast,Sep ’14,2
Zeno,Internet for Gamers,https://angel.co/zeno-2,Brisbane,Oct ’14,4
Kerby Australia,"Give Away, Donate and Swap your unwanted goods",https://angel.co/kerby-australia,Brisbane,May ’14,4
Skyumbel,Virtual Memorial Park,https://angel.co/skyumbel-pty,Gold Coast,Feb ’16,1
22 Laps,Bicycle Marketplace,https://angel.co/22laps,Brisbane,May ’15,1
Metaset,Crowdsource video for content curators.,https://angel.co/metaset,Brisbane,Apr ’14,4
GSL Innovations Pty,Convenient Home Access,https://angel.co/gsl-innovations-pty,Brisbane,Jul ’14,5
uMetta,"Global crowd-source resources, time,  funds and support.",https://angel.co/umetta,Brisbane,Oct ’15,1
SportUPs,Tinder for team sports,https://angel.co/sportups,Brisbane,Feb ’16,1
Coves,Netflix for the lives of digital influencers,https://angel.co/coves,Brisbane,Mar ’16,3
Cookoo,The Ultimate Foodie's Photosharing Service,https://angel.co/cookoo,Brisbane,May ’13,4
Horoscorpio,Self Astrology based online networking portal,https://angel.co/horoscorpio,Gold Coast,Sep ’12,10
AroundAbout,"Tinder for food, drinks and activities.",https://angel.co/aroundabout,Brisbane,Mar ’16,2
Grab a Feed,Restaurant Menu Listing,https://angel.co/grab-a-feed,Brisbane,Sep ’15,1
Snippet Repo,Members-only code repository,https://angel.co/snippet-repo,Brisbane,Feb ’14,3
RampUp,Mythbusters for Small Business,https://angel.co/rampup,Brisbane,Sep ’13,3
Outbound,Social network for travelers,https://angel.co/outbound-4,Brisbane,Jul ’15,3
Mad Lane Productions,Australian Sci-Fi Series,https://angel.co/mad-lane-productions,Brisbane,Jun ’16,1
GymTube,Videos for Gym (YouTube),https://angel.co/gymtube,Brisbane,Jan ’13,4
M4 Office Technology,Trip Advisor For Activities/Events,https://angel.co/m4-office-technology,Brisbane,Jul ’16,1
Gurgle Creative Juices Pty,"Organic, healthy, freshly made juices and smoothies.",https://angel.co/gurgle-creative-juices-pty,Brisbane,Oct ’13,2
Education Curb,Gamification of Education,https://angel.co/education-curb,Brisbane,May ’15,5
Digi.training,Online courses by digital experts,https://angel.co/digi-training,Brisbane,Feb ’15,3
IEinfotech,Ezy Cards payment,https://angel.co/ieinfotech,Brisbane,Sep ’15,1
Brand Toolbox,Dropbox for Brand & Marketing Teams,https://angel.co/brand-toolbox-synrg,Melbourne,Dec ’15,2
adadactyl,SiteScout for Remnant Radio Advertising Slots,https://angel.co/adadactyl,Townsville City,Sep ’14,2
Time Clock Mobile,Employee Time Tracking,https://angel.co/time-clock-mobile,Gold Coast,Mar ’15,3
EatCool,Smartphone ordering,https://angel.co/eatcool,Brisbane,Nov ’15,2
BuxChange,Exchange file everywhere without smartphone and internet connection,https://angel.co/buxchange,Roma,Nov ’15,2
Life Anchored,Short term missions on cruise ships,https://angel.co/lifeanchored,Gold Coast,May ’13,6
Bunchy,"Bunchy, meetup for cyclists, only better.",https://angel.co/bunchy,Townsville City,Feb ’16,1
MindHive,Better policy through crowdsourced ideas,https://angel.co/mindhive,Brisbane,Apr ’15,4
Oxygen Labs,High Growth Coworking Space,https://angel.co/oxygen-labs,Brisbane,Feb ’15,1
Micron Property,Australian Wholesale Property and development,https://angel.co/micron-property,Brisbane,May ’14,7
Spotlight Reporting,Putting the power of business intelligence at your fingers,https://angel.co/spotlight-reporting-3,Brisbane,Mar ’16,1
Components Only,The easiest way to buy and sell heavy equipment components,https://angel.co/components-only,Brisbane,Dec ’14,1
ECDL POWER,e-learning platform - computer skills - online essential - word processing - spreadsheets,https://angel.co/ecdl-power,Roma,May ’14,4
Penny Snap,New Innovative Online Trading Platform With Guaranteed Profits!!!,https://angel.co/penny-snap,Brisbane,Jan ’16,1
Cashies,Uber for tradies,https://angel.co/cashies,Brisbane,Sep ’15,2
Systina,Business Management System,https://angel.co/systina,Brisbane,Aug ’15,1
ICan robotics,Robots for personal health care,https://angel.co/ican-robotics,Roma,Sep ’15,3
Octeeon,eBay in reverse,https://angel.co/octeeon-1,Brisbane,Sep ’14,1
CorporateRealEstate.com,Connect with Sale and Lease Opportunities,https://angel.co/corporaterealestate-com,Brisbane,Sep ’14,3
EatCheat,Order any recipe. All ingredients delivered. By drone,https://angel.co/eatcheat,Brisbane,Oct ’14,4
Dasha Face Detector,Real Time Human Face Tracking,https://angel.co/dasha-face-detector,Roma,Oct ’15,5
Buzvil,Fitness classes on demand,https://angel.co/buzvil,Brisbane,Dec ’15,2
Dog & Bone Holdings,Superior smart phone cases (Otterbox and Speck),https://angel.co/dog-bone-holdings,Brisbane,Aug ’14,2
David Clark Group P/L,Renewable Energy - not wind or sun,https://angel.co/david-clark-group-p-l,Brisbane,Oct ’13,1
CommercePipe,Australian B2B lead generation and risk management SaaS,https://angel.co/commercepipe,Brisbane,Nov ’15,7
Wofle,Anonymous chat and picture sharing app based on locality,https://angel.co/wofle,Brisbane,Sep ’15,1
KoLab Remote Studios  / Kontrol Booth,Cloud based musician collaboration,https://angel.co/kolab-remote-studios-kontrol-booth,Gold Coast,Aug ’15,3
freeadsau,"Australian site for ad, announcements",https://angel.co/freeadsau,Brisbane,Aug ’13,1
franchisetemplatesnewzealand,franchise documents for NZ,https://angel.co/franchisetemplatesnewzealand,Brisbane,Aug ’13,1
JOBAN FRAGRANCE CANDLES,colourful luxury scented candles,https://angel.co/joban-fragrance-candles,Brisbane,Dec ’15,1
RecFinder,connecting candidates to the right recruiter,https://angel.co/recfinder,Brisbane,Jan ’16,1
EzyClient,Shopify for Personal service businesses,https://angel.co/ezyclient,Brisbane,Sep ’12,11
FathomHQ,Financial Intelligence and performance reports for businesses and their advisors,https://angel.co/fathomhq-1,Brisbane,Aug ’15,3
iKeepClient,Beautifully simple client management software,https://angel.co/ikeepclient-1,Brisbane,Apr ’15,2
Early Eater,Time-based discounted Restaurant dining,https://angel.co/early-eater,Gold Coast,May ’15,2
Like a Photon Creative,We Make Stellar Kids Content,https://angel.co/like-a-photon-creative,Brisbane,Jul ’15,2
Lighthouse,Machine learning for ecommerce stores,https://angel.co/lighthouse-1,Brisbane,Jul ’15,1
ThankBank,Blood donors get rewarded,https://angel.co/thankbank,Brisbane,Jun ’15,1
Bright Conferences,Facilitating awesome learning experiences,https://angel.co/bright-conferences,Brisbane,Jul ’15,1
Qwik Coin,Live smarter,https://angel.co/qwik-coin,Brisbane,Jun ’15,1
Qwik Coin,Live smarter,https://angel.co/qwik-coin-1,Brisbane,Jun ’15,0
Hook Brands,Captivate Customers,https://angel.co/hook-brands,Gold Coast,May ’15,2
AdsRoom,Real Time Communication for SME,https://angel.co/adsroom,Gold Coast,Jun ’15,1
MODA Creative,https://youtu.be/B7jin8Zq7YM,https://angel.co/moda-creative-1,Brisbane,Jun ’15,1
Roam,Roam- Create friendships worldwide,https://angel.co/roam-2,Brisbane,Sep ’14,1
ROAM social networking app,Make friends from around the world,https://angel.co/roam-social-networking-app,Brisbane,Aug ’14,1
Various,Renewable Power Developer,https://angel.co/various-3,Brisbane,May ’12,3
JCH Media,Digital Business Solutions,https://angel.co/jch-media,Brisbane,Jul ’16,1
OCA Group,Find your dream job!,https://angel.co/oca-group,Brisbane,Oct ’15,1
Bill Hero,"Bill savings platform for your home. Add services, monitor, get notified to save.",https://angel.co/bill-hero,Brisbane,Oct ’13,7
Douglas Investments,Over-50 Communicators,https://angel.co/douglas-investments,Brisbane,Apr ’15,1
Anxley,Anxiety disorder and stress help (Headspace app),https://angel.co/anxley,Gold Coast,Sep ’15,2
Pirate Scan,Google for piracy detection.,https://angel.co/pirate-scan,Brisbane,Mar ’11,15
Spotlight Reporting,Putting the power of business intelligence at your fingers,https://angel.co/spotlight-reporting-4,Brisbane,Mar ’16,1
Hunted Hive Digital Solutions,Hunted Hive aims to build world-class applications that are profitable and scalable,https://angel.co/hunted-hive-digital-solutions,Brisbane,Aug ’15,2
Brisbanesurgeons,We make your body fit and beautiful,https://angel.co/brisbanesurgeons,Brisbane,Apr ’16,1
DEMCRATIC,Democracy in the cloud,https://angel.co/demcratic,Brisbane,Mar ’16,1
Amaze360,Private Cloud Technologies,https://angel.co/amaze360,Brisbane,Mar ’16,2
Lace n Ruffles,"Lace n Ruffles buy and sell vintage, pre-loved items from around the world.",https://angel.co/lace-n-ruffles,Brisbane,Feb ’14,2
From the Ground:Up Skin Co.,All Natural Face Mud,https://angel.co/from-the-ground-up-skin-co,Gold Coast,Mar ’16,1
Two Heavy Media,Transform digital publishing,https://angel.co/two-heavy-media,Gold Coast,May ’16,2
Trav the app,"All in one travel planner, your personal concerige.",https://angel.co/trav-the-app,Brisbane,Dec ’15,2
Rising Sun Yacht Charters,Luxurious business operating on Great Barrier Reef,https://angel.co/rising-sun-yacht-charters,Cairns,May ’16,1
Milestones Technology Group,MTG provides start-ups and small businesses,https://angel.co/milestones-technology-group,Brisbane,Jul ’16,1
EduHub,Facebook for Universities and Colleges,https://angel.co/eduhub-2,Brisbane,Jul ’16,1
RH and LK Carter,Helping people who are sick of their jobs and lifestyle to find another way.,https://angel.co/rh-and-lk-carter,Townsville,Jul ’16,1
Rodolfo Shoes,Innovative Shoes,https://angel.co/rodolfo-shoes,Roma,Jul ’16,1
Ozgoods,Our major product will make entrepreneurs more money.,https://angel.co/ozgoods,Brisbane,Jul ’16,1
Tennis Tour Challenge App,Freemium arcade tennis app,https://angel.co/tennis-tour-challenge-app,Brisbane,Jul ’16,1
Growth Learning,Mobile learning for training organisations,https://angel.co/growth-learning,Brisbane,Jul ’16,2
Path4 Group,Global Recruitment Software,https://angel.co/path4-group,Brisbane,Jul ’16,1
National Tiles-Noosaville,National Tiles was establised in the late 1970's by Frank Walker,https://angel.co/national-tiles-noosaville,Queensland,Jul ’16,1
Pharmanex,"After many years of searching, I found the Perfect Business",https://angel.co/pharmanex,Brisbane,Jun ’16,2
Create Training,Innovative Animated Compliance Training,https://angel.co/create-training,Brisbane,Jun ’16,1
Complex Institute - Gold Coast,Complex Institute of Education is one of Australia's leading RTOs.,https://angel.co/complex-institute-gold-coast,Brisbane,Jun ’16,1
Complex Institute - Brisbane,Complex Institute of Education is one of Australia's leading RTOs.,https://angel.co/complex-institute-brisbane,Brisbane,Jun ’16,1
Zenue,We help people hire out their property for weddings.,https://angel.co/zenue,Brisbane,Jun ’16,1
IntegraPay,IntegraPay was born with technology innovators,https://angel.co/integrapay,Brisbane,Jun ’16,1
A Grade Sanding & Polishing,A Grade Sanding & Polishing is a family owned business,https://angel.co/a-grade-sanding-polishing,Brisbane,Jun ’16,1
Impos - Brisbane,"ImPOS Online understand that time is money and a fast, reliable and effective POS system.",https://angel.co/impos-brisbane,Brisbane,Jun ’16,1
Gold River Garage Doors,garage door repair,https://angel.co/gold-river-garage-doors-3,Gold Coast,Jun ’16,1
National Tiles-Mackay,National Tiles has the international market knowledge.,https://angel.co/national-tiles-mackay,Mackay,Jun ’16,1
Abira Gems,Loose Gemstones for Sale in Australia,https://angel.co/abira-gems-1,Brisbane,May ’16,1
Dirt Busters,Mobile Car Detailers Brisbane and Gold Coast,https://angel.co/mobilecardetailers,Brisbane,May ’16,1
volatilitykings,invest in yourself!,https://angel.co/volatilitykings,Gold Coast,May ’16,2
Speedy Host,High quality hosting at a great price.,https://angel.co/speedy-host-1,Gold Coast,May ’16,1
Lung Defender,100% Natural Lung Physiotherapy,https://angel.co/lung-defender,Brisbane,May ’16,1
National Tiles-Springwood,National Tiles has the international market knowledge,https://angel.co/national-tiles-springwood,Brisbane,May ’16,1
National Tiles-Brisbane,National Tiles has the international market knowledge.,https://angel.co/national-tiles-brisbane,Brisbane,May ’16,1
Chilli Law,Chilli Law is a dynamic law firm,https://angel.co/chilli-law,Brisbane,May ’16,1
Wanderlust The Travel Tribe,Travel Social Network,https://angel.co/wanderlust-the-travel-tribe,Brisbane,Apr ’16,6
Pack Queen-brisbane,We make packaging simple & easy by providing you with over thousands of quality products.,https://angel.co/pack-queen-brisbane,Brisbane,Apr ’16,1
Resort Style Bean Bags,Resort Style Bean Bags & Outdoor Furnishings,https://angel.co/resort-style-bean-bags,Gold Coast,Apr ’16,1
123jobs,Match.com for vocational employment,https://angel.co/123jobs,Brisbane,Apr ’16,1
Isabellas Passion,Australia's leading women's clothing store,https://angel.co/isabellas-passion,Brisbane,Apr ’16,2
Blush Bras and Lingerie,Australias leading online lingerie Store,https://angel.co/blush-bras-and-lingerie,Gold Coast,Apr ’16,1
Creative Concrete and Cutting Services,Reliable and Professional Services for Gold Coast and Brisbane,https://angel.co/creative-concrete-and-cutting-services,Brisbane,Apr ’16,1
Neotill,Mobile creditcard payments,https://angel.co/neotill,Brisbane,Apr ’16,2
Black Bow Chauffeur,We Drive With Class and Provide Personal Transfer Service,https://angel.co/blackbowchauffeur,Brisbane,Mar ’16,1
Aabon Apartments & Motel,Top motels & apartments in Brisbane and surrounding areas,https://angel.co/aabon-apartments-motel-1,Brisbane,Mar ’16,1
Airport Wooloowin Motel,Leading motel & apartments surrounding in Brisbane and other areas,https://angel.co/airport-wooloowin-motel-1,Brisbane,Mar ’16,1
Litesbook,Litesbook is the New Social Media Innovation,https://angel.co/litesbook,Cairns,Mar ’16,2
River City Glass,Local Glass Specialist in Brisbane & Surrounding Areas,https://angel.co/river-city-glass-1,Brisbane,Mar ’16,1
Gigspot,Discover and book gigs online,https://angel.co/gigspot,Brisbane,Mar ’16,3
Austral Cleaning Brisbane,Cleaning Services,https://angel.co/austral-cleaning-brisbane-1,Brisbane,Mar ’16,1
Flaurish,"To help brick & mortar retailers get online & sell, by eliminating barriers to entry",https://angel.co/flaurish,Gold Coast,Feb ’16,2
Urban Tradie,Finding Trusted Contractors to get the job done!,https://angel.co/urban-tradie,Brisbane,Feb ’16,1
Gold River Garage Doors,Garage Doors,https://angel.co/gold-river-garage-doors-1,Gold Coast,Feb ’16,1
Reed Basketry,exclusive customized reed furniture,https://angel.co/reed-basketry,Roma,Jan ’16,4
Phillips Family Law,family law brisbane,https://angel.co/phillips-family-law-1,Brisbane,Dec ’15,1
Tow.com.au,High Tech Towing Company,https://angel.co/tow-com-au,Brisbane,Dec ’15,1
OA Gems,Gemstone Wholesaler,https://angel.co/oa-gems-1,Brisbane,Nov ’15,1
Health Vision,Freedom From Pain & Snore,https://angel.co/health-vision-au,Gold Coast,Nov ’15,1
Pest Ex,Termite Gold Coast,https://angel.co/pest-ex-1,Gold Coast,Nov ’15,1
Pinnacle,Pinnacle Software Enterprise,https://angel.co/pinnacle-2,Brisbane,Nov ’15,1
Brad Townsend Photography,Wedding Photographer| Wedding Photography| Brad Townsend,https://angel.co/brad-townsend-photography,Brisbane,Nov ’15,1
Smart Home Audio Visual,Home Theatre Installation & Commercial Audio Visual Brisbane,https://angel.co/smart-home-audio-visual,Brisbane,Nov ’15,1
Gruntify,Smart geo-collaboration for the world,https://angel.co/gruntify,Brisbane,Oct ’15,1
Department Group,Digital Creative Agency,https://angel.co/department-group,Brisbane,Oct ’15,2
puntatore laser 200mw,twitter,https://angel.co/puntatore-laser-200mw,Roma,Oct ’15,1
Graffiti Enz,Graffiti-Enz has a range of exciting new graffiti removal products,https://angel.co/graffiti-enz,Brisbane,Oct ’15,1
C-Talk,Developing communication technology for the sea!,https://angel.co/c-talk-1,Brisbane,Sep ’15,1
Brisbane Solar Electrical,solar installers,https://angel.co/brisbane-solar-electrical,Brisbane,Sep ’15,1
Discover SEO Brisbane,"SEO, Online Marketing Services",https://angel.co/discover-seo-brisbane-1,Brisbane,Sep ’15,1
laserpuntatore,"puntatore laser,laser verde,laser blu,laser rosso,laser potente,",https://angel.co/laserpuntatore,Roma,Aug ’15,1
Cortex Networks,A New Innovative Network,https://angel.co/cortex-networks,Brisbane,Jul ’15,2
Magallan Spacee,"New home designs, Building design",https://angel.co/magallan-spacee,Brisbane,Jul ’15,1
Base Architecture,Get the house designs Brisbane Online.,https://angel.co/base-architecture-2,Brisbane,Jul ’15,1
Elements Media,Custom content management systems for brands,https://angel.co/elements-media,Brisbane,Jun ’15,1
Best Bond Cleaning,"We are the best cleaning services in  Queensland, Australia.",https://angel.co/best-bond-cleaning-1,Brisbane,Jun ’15,9
Friday Beers,Amazing Craft Beer Experience... Delivered Weekly!,https://angel.co/friday-beers,Brisbane,Nov ’15,4
Atypik Clothing,Italian Clothing For All Sports,https://angel.co/atypik-clothing-1,Roma,Jun ’15,1
Simplegration,You suck at running your business,https://angel.co/simplegration,Brisbane,Nov ’15,2
The Higher End,Application/website,https://angel.co/the-higher-end,Brisbane,May ’15,1
APM SOLUTIONS,APM SOLUTIONS is your one stop shop to property maintenance!,https://angel.co/apm-solutions,Brisbane,May ’15,1
Lay-Buy Financial Solutions Pty Ltd,Online Layaway_powered by PayPal,https://angel.co/lay-buy-financial-solutions-pty-ltd,Brisbane,Apr ’15,2
LawyerQuote,Comparison Service,https://angel.co/lawyerquote,Brisbane,May ’15,2
Lumi,Artificial Learning Device,https://angel.co/lumi-2,Brisbane,Apr ’15,1
Any Deliveries,Home delivery platform B2B/C2B,https://angel.co/any-deliveries,Brisbane,Apr ’15,1
Pawke,Point 'n click data collection from any website,https://angel.co/pawke,Brisbane,Apr ’15,1
Rockhampton Antenna & TV Services,Digital TV Antenna Rockhampton,https://angel.co/rockhampton-antenna-tv-services-1,Rockhampton,Apr ’15,1
ComunicaCity,Public Administration communicates with citizens and businesses,https://angel.co/comunicacity-2,Roma,Mar ’15,3
Mad Anth'm Productions,Feature Film,https://angel.co/mad-anth-m-productions,Brisbane,Feb ’15,2
Diamond Roof Tiling,"We provide roof cleaning, roof painting, roof restoration and roof repairs in Brisbane.",https://angel.co/diamond-roof-tiling,Brisbane,Mar ’15,2
Powerseller Holdings,Sell online for less and buy risk free!,https://angel.co/powerseller-holdings,Brisbane,Mar ’15,1
The Protein Club,Supplements on Subscription,https://angel.co/the-protein-club,Brisbane,Feb ’15,1
Construct-Right,Construct-Right is the leading construction company based in Brisbane.,https://angel.co/construct-right,Brisbane,Jan ’15,1
Gemento,,https://angel.co/gemento,Gold Coast,Jan ’15,1
ReadyFit,Design,https://angel.co/readyfit,Brisbane,Dec ’14,1
TheRideAdvice.com,Quality motorcycle blog,https://angel.co/therideadvice-com,Brisbane,Dec ’14,2
Compare and Choose,Comparsion Website,https://angel.co/compare-and-choose,Brisbane,Dec ’14,1
Radio Workflow,Cloud Based Workflow for Radio Stations,https://angel.co/radio-workflow,Brisbane,Nov ’14,1
Labeeto,Social Networking Meets Fitness Dating,https://angel.co/labeeto,Brisbane,Oct ’14,2
rite.io - telling better stories.,media and content analysis (rite.io),https://angel.co/rite-io-telling-better-stories,Brisbane,Sep ’14,3
Brisbane Airport Cars Rental,Hire a car at Brisbane Airport to plan your visit at your own terms.,https://angel.co/brisbane-airport-cars-rental-1,Brisbane,Aug ’14,1
Umig Italia srl,Advertising on ATM machines,https://angel.co/umig-italia-srl,Roma,Sep ’14,3
Binary Lane,Easy cloud hosting,https://angel.co/binary-lane,Brisbane,Jul ’14,8
Alpha Car Finance,Car,https://angel.co/alpha-car-finance,Brisbane,Apr ’14,1
Bob Gunn Termite Solutions,Pest Control,https://angel.co/bob-gunn-termite-solutions,Brisbane,Mar ’14,1
Bet King,Australian Bookmaker Reviews,https://angel.co/bet-king,Brisbane,Mar ’14,1
Side Effect,Real Estate,https://angel.co/side-effect-1,Brisbane,Mar ’14,1
Brus Media,Online advertising network,https://angel.co/brus-media-1,Brisbane,Feb ’14,2
Integrated Industry Ecology Pty.Ltd,Ship Scrap recycling,https://angel.co/integrated-industry-ecology-pty-ltd-2,Brisbane,Jan ’14,4
memeBig.com,Ultimate ideas collaboration platform,https://angel.co/memebig-com,Brisbane,Nov ’13,5
Attentive Painting & Decorating,Brisbane Painters,https://angel.co/attentive-painting-decorating,Brisbane,Apr ’14,1
Fortune Innovations Brisbane,Web Developmentservice in Brisbane,https://angel.co/fortune-innovations-brisbane,Brisbane,Sep ’13,1
Mystrata,Changing the global apartment management industry,https://angel.co/mystrata,Brisbane,Apr ’13,2
,,,,,
Yaro Starak,"Blogger, Podcaster at Entrepreneurs-Journey, Founder of Blog Mastermind and Membership Site Mastermind training programs.",https://angel.co/yarostarak,Melbourne,3,385
Adam H M,"Australian serial entrepreneur, your angel investor and startup advisor. FinTech lover and experienced CTO, worked for Google.",https://angel.co/adamh,Brisbane,2,172
Ian Connor,"Founder @Ashok Lulla, @Encore.io, and @Pubget  • Worked at @TheLocker,  @Enthuse, @IBM, @CSC and @Iris Associates",https://angel.co/ian-connor,Brisbane,0,148
Stephen Baxter,,https://angel.co/stevebaxter1971,Brisbane,6,346
Clarence Tan,"Singularity University Ambassador for Asia Pacific, Entrepreneur in Residence Fellow, Silicon Lakes",https://angel.co/clarence-tan,Gold Coast,5,295
Steven Begeda,"Director, System Sales at Zetron, Inc (subsidiary of JVC KENWOOD).  Investor in @Buddy.",https://angel.co/steven-begeda,San Francisco,1,112
Aaron Fletcher,CEO of XY Gaming. It's an online platform where video gamers can find and compete against each other for cash.,https://angel.co/zerotwitch,Brisbane,0,46
David Crane,"Founder @Spruik • Worked at @Ericsson, @Telstra • Studied at @Queensland University Of Technology",https://angel.co/david-crane-1,Gold Coast,0,47
Ian Connor,I like to build a minimal viable product and give the business the ability to quickly iterate and find its footing.,https://angel.co/iconnor,Brisbane,3,36
Nicolas Scudamore-Smith,Worked in M&A @KPMG Corporate Finance & Investment Banking @RBS . Sourcing JV opportunities for early stage businesses to expand into Australasia,https://angel.co/nick-scudamore-smith,Brisbane,1,95
Anthony Musumeci,"I am the Innovation Investment Manager for Blacksheep Capital, an Australian Based private equity firm investing in scalable high growth innovations.",https://angel.co/anthony-musumeci,Brisbane,4,35
Daniel Gavel,"I work at Black Sheep Capital, who are a private equity firm looking to build our presence in the innovative technology space",https://angel.co/daniel-gavel,Brisbane,3,34
Aaron Birkby,Co-founder of Silicon Lakes.  Entrepreneur In Residence of River City Labs Accelerator - powered by muru-D,https://angel.co/aaronbirkby,Brisbane,1,228
Felix Clack,"Worked at @Bloc @General Assembly @Notonthehighstreet, @Deutsche Bank  • Studied at @University of Teesside",https://angel.co/felix-clack,Brisbane,0,109
Wayne Gerard,"Co-founder & CEO @RedEye Apps 
Past
Co-founder Waterline Projects (Engineering Company)
Founder SDG (Consulting Company)
Member of the Entrepreneurs Organisation (EO)",https://angel.co/wayne-gerard,Palo Alto,1,154
Angus McLachlan,Building awesome @Boppl  with an incredible team.,https://angel.co/angusmclachlan,Brisbane,0,81
Ben Flux,"> ten years experience in creating, developing and growing startups. Successfully started his own company from two people in 2003 to over one hundred in 2016.",https://angel.co/ben-flux,Brisbane,0,12
Anna Rooke,"Our Fund is specifically focused on high-growth, scalable businesses in Australia that are tackling global markets within the creative industries.",https://angel.co/anna-rooke,Brisbane,1,15
Daragh McGrath,I've spent the past ~10 years working in internet / Cloud focused startups in both technology and sales orientated roles,https://angel.co/daraghmcg,Brisbane,2,18
John Dell,"Professional director and investor
Former Chief Executive Officer and Chief Financial Officer",https://angel.co/john-dell,Brisbane,1,24
Tim Kastelle,I study ideas - Student and teacher of innovation management - University of Queensland Business School,https://angel.co/timkastelle,Brisbane,0,68
Daniel Dean,Founder Online Business Group • Studied at @Griffith University,https://angel.co/daniel-dean,Brisbane,0,20
David Skillen,Senior International Banker. Technology comfortable and follower. Now retired and investing. Property and start-ups.,https://angel.co/david-skillen,Brisbane,1,13
Alexander Rugaev,I'm serial entrepreneur and blockchain enthusiast,https://angel.co/alexander-rugaev,Brisbane,0,1
Eddie Mallan,"I am interested to broaden my exposure to a range of startup opportunities, with a focus on gaining international portfolio exposure.",https://angel.co/eddie-mallan,Brisbane,0,1
,,,,,
Yaro Starak,"Blogger, Podcaster at Entrepreneurs-Journey, Founder of Blog Mastermind and Membership Site Mastermind training programs.",https://angel.co/yarostarak,Melbourne,3,385
Adam H M,"Australian serial entrepreneur, your angel investor and startup advisor. FinTech lover and experienced CTO, worked for Google.",https://angel.co/adamh,Brisbane,2,172
Ian Connor,"Founder @Ashok Lulla, @Encore.io, and @Pubget  • Worked at @TheLocker,  @Enthuse, @IBM, @CSC and @Iris Associates",https://angel.co/ian-connor,Brisbane,0,148
Stephen Baxter,,https://angel.co/stevebaxter1971,Brisbane,6,346
Clarence Tan,"Singularity University Ambassador for Asia Pacific, Entrepreneur in Residence Fellow, Silicon Lakes",https://angel.co/clarence-tan,Gold Coast,5,295
Steven Begeda,"Director, System Sales at Zetron, Inc (subsidiary of JVC KENWOOD).  Investor in @Buddy.",https://angel.co/steven-begeda,San Francisco,1,112
Aaron Fletcher,CEO of XY Gaming. It's an online platform where video gamers can find and compete against each other for cash.,https://angel.co/zerotwitch,Brisbane,0,46
David Crane,"Founder @Spruik • Worked at @Ericsson, @Telstra • Studied at @Queensland University Of Technology",https://angel.co/david-crane-1,Gold Coast,0,47
Ian Connor,I like to build a minimal viable product and give the business the ability to quickly iterate and find its footing.,https://angel.co/iconnor,Brisbane,3,36
Nicolas Scudamore-Smith,Worked in M&A @KPMG Corporate Finance & Investment Banking @RBS . Sourcing JV opportunities for early stage businesses to expand into Australasia,https://angel.co/nick-scudamore-smith,Brisbane,1,95
Anthony Musumeci,"I am the Innovation Investment Manager for Blacksheep Capital, an Australian Based private equity firm investing in scalable high growth innovations.",https://angel.co/anthony-musumeci,Brisbane,4,35
Daniel Gavel,"I work at Black Sheep Capital, who are a private equity firm looking to build our presence in the innovative technology space",https://angel.co/daniel-gavel,Brisbane,3,34
Aaron Birkby,Co-founder of Silicon Lakes.  Entrepreneur In Residence of River City Labs Accelerator - powered by muru-D,https://angel.co/aaronbirkby,Brisbane,1,228
Felix Clack,"Worked at @Bloc @General Assembly @Notonthehighstreet, @Deutsche Bank  • Studied at @University of Teesside",https://angel.co/felix-clack,Brisbane,0,109
Wayne Gerard,"Co-founder & CEO @RedEye Apps 
Past
Co-founder Waterline Projects (Engineering Company)
Founder SDG (Consulting Company)
Member of the Entrepreneurs Organisation (EO)",https://angel.co/wayne-gerard,Palo Alto,1,154
Angus McLachlan,Building awesome @Boppl  with an incredible team.,https://angel.co/angusmclachlan,Brisbane,0,81
Ben Flux,"> ten years experience in creating, developing and growing startups. Successfully started his own company from two people in 2003 to over one hundred in 2016.",https://angel.co/ben-flux,Brisbane,0,12
Anna Rooke,"Our Fund is specifically focused on high-growth, scalable businesses in Australia that are tackling global markets within the creative industries.",https://angel.co/anna-rooke,Brisbane,1,15
Daragh McGrath,I've spent the past ~10 years working in internet / Cloud focused startups in both technology and sales orientated roles,https://angel.co/daraghmcg,Brisbane,2,18
John Dell,"Professional director and investor
Former Chief Executive Officer and Chief Financial Officer",https://angel.co/john-dell,Brisbane,1,24
Tim Kastelle,I study ideas - Student and teacher of innovation management - University of Queensland Business School,https://angel.co/timkastelle,Brisbane,0,68
Daniel Dean,Founder Online Business Group • Studied at @Griffith University,https://angel.co/daniel-dean,Brisbane,0,20
David Skillen,Senior International Banker. Technology comfortable and follower. Now retired and investing. Property and start-ups.,https://angel.co/david-skillen,Brisbane,1,13
Alexander Rugaev,I'm serial entrepreneur and blockchain enthusiast,https://angel.co/alexander-rugaev,Brisbane,0,1
Eddie Mallan,"I am interested to broaden my exposure to a range of startup opportunities, with a focus on gaining international portfolio exposure.",https://angel.co/eddie-mallan,Brisbane,0,1
Terry West,"Tech head, IT Engineer, have involved with multiple small business developments for tech companies. Own and develop a collection on webistes / services",https://angel.co/terry-west-2,Brisbane,0,1
,,,,,
Effective Measure,,https://angel.co/effective-measure,Melbourne,Feb ’13,30
Macropod Software,We make software for Developers and Designers,https://angel.co/macropod-software,Melbourne,Mar ’11,434
Goodfilms,Goodreads for Films,https://angel.co/goodfilms,Melbourne,Oct ’11,130
Rome2rio,"Discover how to get anywhere by plane, train, bus, ferry and automobile",https://angel.co/rome2rio,Melbourne,Apr ’11,218
CoinJar,Advancing consumer finance with bitcoin.,https://angel.co/coinjar,Melbourne,Apr ’13,218
99designs,,https://angel.co/99designs,Oakland,Jan ’12,113
Workplace Arcade,Work hard. Play harder. (500 Startups B17),https://angel.co/arcade,Melbourne,Aug ’14,32
PredictBGL,Insane diabetes management,https://angel.co/predictbgl,Melbourne,Jul ’13,42
Omny Studio,Cloud on-demand audio management,https://angel.co/omnystudio,Melbourne,Mar ’12,260
ShareRails,On-site Social Commerce.,https://angel.co/sharerails-1,Melbourne,Jun ’12,16
Driftrock,The lifecycle social advertising platform,https://angel.co/driftrock,Melbourne,Jan ’14,64
Myagi,The online training network for retailers and suppliers.,https://angel.co/myagi,Melbourne,Nov ’13,31
Lexim,eLearning platform for the modern classroom,https://angel.co/lexim,Melbourne,Jul ’11,96
York Butter Factory,The co-working space for Australia's upstart entrepreneurs to #GSD,https://angel.co/yorkbutter,Melbourne,Sep ’12,273
Axiflux,The Future of the Electrical Machine,https://angel.co/axiflux,Melbourne,Oct ’12,90
Influx,"Customer Support, Done.",https://angel.co/influx-1,Melbourne,Feb ’14,46
YourGrocer,Home delivery from the local shops you love,https://angel.co/yourgrocer,Melbourne,Oct ’14,53
Bluedot Innovation,The Most Accurate Location Services,https://angel.co/bluedot-innovation,San Francisco,Jul ’13,46
Peazie,Social Media Campaign Super Tools for Agencies and Publishers,https://angel.co/peazie,Melbourne,Jan ’13,26
Trustpilot,Online Review Community,https://angel.co/trustpilot,Melbourne,Jul ’15,65
Buildkite,,https://angel.co/buildkite,Melbourne,Mar ’12,22
Breezedocs,Sorting the world's documents,https://angel.co/breezedocs,Melbourne,Jun ’12,40
Tablo Publishing,YouTube for books.,https://angel.co/tablo-publishing,Melbourne,Feb ’13,86
Ediply,The easiest way to a global education,https://angel.co/ediply,Melbourne,Jun ’13,29
Flippa,"Flippa.com #1 Marketplace to buy & sell Websites, Domains, Apps",https://angel.co/flippa,Melbourne,Mar ’12,88
Drawboard,Collaborative PDF annotation and workflow,https://angel.co/drawboard,Melbourne,Nov ’13,65
elevio,Pre-emptive Support Platform,https://angel.co/elevio-1,Melbourne,Sep ’15,22
CliniCloud,Software and devices for home healthcare,https://angel.co/clinicloud,Melbourne,Mar ’14,39
Medallia,Software to understand and improve the customer experience.,https://angel.co/medallia,Palo Alto,Jan ’12,133
etaskr,Private and internal oDesk for enterprise,https://angel.co/etaskr,Melbourne,May ’13,29
Redu.us,We create games for people to learn.,https://angel.co/redu-us,Melbourne,Apr ’12,62
Surprise Attack,Miramax for independent digital video games,https://angel.co/surprise-attack,Melbourne,May ’14,19
c8apps,Mobile sports games,https://angel.co/c8apps,Melbourne,May ’12,25
Learnable,"Actionable, results-focused online learning",https://angel.co/learnable-1,Melbourne,Jan ’15,11
Vinomofo,United by Wine,https://angel.co/vinomofo,Melbourne,Sep ’14,28
GetViable,Startup Platform guiding you from Idea to Pitch.,https://angel.co/getviable,Melbourne,Dec ’11,75
Venuemob,Wotif.com for event & function venues,https://angel.co/venuemob,Melbourne,Jun ’12,54
Listium,"Create, manage, share and publish all your lists in one place.",https://angel.co/listium,Melbourne,Sep ’13,16
7pm Anywhere,'The Dating Game' online - making online dating feel like offline dating.,https://angel.co/7pm-anywhere,Melbourne,Sep ’12,47
AngelCube,Melbourne's first startup accelerator.,https://angel.co/angelcube-1,Melbourne,Aug ’14,16
LeadChat,Live Chatters For Lead Conversion,https://angel.co/leadchat,Melbourne,Sep ’15,4
Beanhunter,Find and share great coffee,https://angel.co/beanhunter,Melbourne,Apr ’12,42
Dragonfly,High quality freelancers for digital agencies,https://angel.co/dragonfly,Melbourne,Jun ’12,33
BYLD,Smart products for building and trade professionals.,https://angel.co/byld,Melbourne,Jul ’15,8
HeroBoyfriend,Helping couples extend the honeymoon phase.,https://angel.co/heroboyfriend,Melbourne,Jun ’15,9
XLabs,Mass Scale Webcam Eye Tracking Software,https://angel.co/xlabs,Melbourne,Apr ’14,13
ObjectHub,Firebase meets GitHub for faster collaborative development,https://angel.co/objecthub,Melbourne,Aug ’15,3
Cubio,It's like LaunchRock for Contests.,https://angel.co/cubio,Melbourne,Oct ’11,35
AirService,The mobile ordering solution,https://angel.co/airservice,Sydney,Aug ’12,65
chozun,Your smart little black book,https://angel.co/chozun,Melbourne,Jul ’14,14
BrickX,The new way to enter the property market.,https://angel.co/brickx,Sydney,Jul ’14,28
Zaq,"Accept mobile payments, securely and easily.",https://angel.co/zaq,Melbourne,Jul ’12,13
Culture Amp,Culture Analytics for your company.,https://angel.co/culture-amp,Melbourne,Mar ’12,70
Smart Operational Agriculture Kit (SOAK),Smart water usage on farms,https://angel.co/smart-operational-agricultural-toolkit-soak,Melbourne,Jun ’16,4
Brosa,Zara for Designer Furniture,https://angel.co/brosa,Melbourne,Apr ’14,23
BulkSMS,Bulk SMS delivery on the web,https://angel.co/bulksms,Melbourne,Aug ’12,10
Cashtivity,"Teaching kids business, at scale.",https://angel.co/cashtivity,Melbourne,Oct ’12,15
Explainers,"Explainer produces high quality, low cost animated explainer videos.",https://angel.co/explainers-1,Melbourne,Sep ’12,5
ResponSight,Behavioural risk profiling for security,https://angel.co/responsight,Melbourne,Jan ’16,4
Moodswing,Emotion and empathy based social network,https://angel.co/moodswing,Melbourne,May ’14,17
Y Audience,Facebook Ads for the Entire Web,https://angel.co/y-audience,Melbourne,May ’11,22
pantreeco,"Business is complicated, pantreeco is simple, partnerships are important.",https://angel.co/pantree-co,Melbourne,Nov ’14,19
Minimum,Mobile-first lean UX and design-led engineering,https://angel.co/minimum,Melbourne,Mar ’13,14
CurveUp,CurveUp measures the successes of PR campaigns,https://angel.co/curveup-1,Melbourne,Aug ’15,10
SelfWealth,Collaborative investing tool,https://angel.co/selfwealth-1,Melbourne,Aug ’13,16
Zarfo,Create and Share Live Video,https://angel.co/zarfo,Melbourne,Jun ’14,16
noWorriesHire,Online aggregator and management tool for construction hire equipment,https://angel.co/noworrieshire,Melbourne,Feb ’13,25
Liquorun,Uber for Delivery,https://angel.co/liquorun,Melbourne,Aug ’13,37
IndexMedia,Making Images Interactive,https://angel.co/indexmedia,Melbourne,Dec ’12,26
La Mule,Carpooling platform,https://angel.co/la-mule,Melbourne,May ’15,11
JigSpace,"Create and share interactive, 3D instructions for anything.",https://angel.co/jigspace,Melbourne,Mar ’16,5
Agriwebb Pty,Ebay for Livestock,https://angel.co/agriwebb-pty,Melbourne,Jan ’14,23
LKBK,Outfit inspiration whenever you need it.,https://angel.co/lkbk,Melbourne,Nov ’13,13
Perceptar,(BETA) Live Mobile Video Stream Jumping,https://angel.co/perceptar,Melbourne,Mar ’13,19
Lighthouse.io,Enterprise location platform,https://angel.co/lighthouseio,Melbourne,Mar ’15,9
Homepass,Uber for realestate,https://angel.co/homepass,Melbourne,Mar ’16,10
Coincraft,Financial Planning for Professional Service Industries,https://angel.co/coincraft,Melbourne,Apr ’14,17
SweetHawk,Voice for ecommerce,https://angel.co/sweethawk,Melbourne,Aug ’15,7
Adslot,Adslot provides self-serve ad sales solutions for publishers.,https://angel.co/adslot,Melbourne,Apr ’12,13
Max Super,Australian online retail superannuation (pension) fund.,https://angel.co/max-super,Melbourne,Apr ’12,8
ChahChing,"Pre-order, deals, loyalty, wallet consolidated  (Delivery Hero, GroupOn, Rewardle )",https://angel.co/chahching,Melbourne,Mar ’14,23
inkl,Creating the world's best coverage of international news and current affairs,https://angel.co/inkl-1,Melbourne,Mar ’15,14
NameTerrific,Domain names for geeks.,https://angel.co/nameterrific,Melbourne,Sep ’12,15
Solar eCRM,Solar CRM + ERP = Profit by eCRM,https://angel.co/solar-ecrm,Melbourne,Apr ’14,18
CRU - Winery Marketing,CRU is a full service digital sales and marketing platform.,https://angel.co/cru-winery-technology,Melbourne,Mar ’16,5
HotDoc,Online Medical Appointments for Australians,https://angel.co/hotdoc-3,Melbourne,Apr ’13,39
ettitude,The softest organic bamboo lyocell bedding for a healthy sleep.,https://angel.co/ettitude,Melbourne,Sep ’12,45
LifeGym,Gym habit app to change your lifestyle,https://angel.co/lifegym,Melbourne,May ’13,17
Localz,Integrating the physical and digital world for enterprise,https://angel.co/localz,Melbourne,Dec ’13,28
CareMonkey,Instant access to emergency and medical data for authorised carers on mobile devices,https://angel.co/caremonkey,Melbourne,Mar ’15,12
Jack,Nest for desks,https://angel.co/jack-io,Melbourne,Mar ’15,16
Vinspi,Custom Tailored Menswear Online,https://angel.co/vinspi,Melbourne,Apr ’14,8
Thinktank,Australia's first niched Social Media agency. Founded by Ben Acott,https://angel.co/thinktank,Melbourne,Mar ’14,5
Luma Launch,,https://angel.co/lumalaunch,Santa Monica,Oct ’15,21
Pipp It,Highlight & save on the web,https://angel.co/pipp-it,Melbourne,Sep ’13,2
BrandSpot,User friendly brand asset management,https://angel.co/brandspot,Melbourne,Sep ’14,10
Car Next Door,Turning any car into a share car,https://angel.co/car-next-door,Sydney,May ’13,38
Swarmdeck,Swarmdeck connects interesting startups to interested brands & agencies.,https://angel.co/swarmdeck,Melbourne,Aug ’14,7
Moushy,"Record experiences, moush them together to create your Moushy.",https://angel.co/moushy,Melbourne,Jun ’14,10
Peer Academy,Peer-to-peer skillsharing for enterprises,https://angel.co/peer-academy,Melbourne,Mar ’15,10
Urbanetic,Reimagining city planning for the Web,https://angel.co/urbanetic,Melbourne,Aug ’15,15
OziRig,Kogan for Film Makers (OziRig),https://angel.co/ozirig,Melbourne,May ’13,14
Datalabs,Data Visualization & Analytics,https://angel.co/datalabs,Melbourne,Mar ’14,8
UsabilityHub,,https://angel.co/usabilityhub,Melbourne,Feb ’16,5
eclicks,Control your advertisements and your brand,https://angel.co/eclicks-1,Melbourne,Oct ’14,3
Attendly,The Campaign Monitor of event registration,https://angel.co/attendly,Melbourne,Mar ’12,35
nuraloop,Self Learning Headphones,https://angel.co/nuraloop,Melbourne,Nov ’15,8
Influx Systems,Centralise SAP management and Support,https://angel.co/influx-systems,Melbourne,Aug ’15,1
Bluethumb,Australia's Online Art Marketplace,https://angel.co/bluethumb,Adelaide,Oct ’14,12
Umezoo,Classic Entertainment,https://angel.co/umezoo-2,Melbourne,Aug ’14,11
SmartrMail,"Automatic, personalised email marketing based on customer behaviour",https://angel.co/smartrmail,Adelaide,Feb ’16,4
Language Your Way,Learning English via Gamification+Gamebased+Online Tutoring,https://angel.co/language-your-way,Melbourne,Jun ’16,7
bip.io,connect the services you love,https://angel.co/bipio,Melbourne,Jan ’16,3
TribalMind,Learn smarter and solve problems faster through the wisdom of the crowd,https://angel.co/tribalmind,Melbourne,Jul ’14,14
Pilgrim Coffee,Crowd-mapping the world's specialty coffee,https://angel.co/pilgrim-coffee,Melbourne,Oct ’15,6
tunedGlobal,Digital content everywhere,https://angel.co/tunedglobal,Melbourne,Jan ’13,12
Hood,"Discover the world around you, as it happens",https://angel.co/hood,Melbourne,Feb ’12,21
DPMENG Pty Ltd (Freedom Powertrain),Making Clean Tech Affordable,https://angel.co/dpmeng-pty-ltd-freedom-powertrain,Melbourne,Apr ’14,13
ProfitSharz,Gamified tools for productivity or sustainability.,https://angel.co/profitsharz,Melbourne,Nov ’13,9
Liminal VR,Consumer neuropsychology for virtual reality,https://angel.co/liminal-vr,Melbourne,Mar ’16,5
RedBlackTree,Product Strategy. Design. Development.,https://angel.co/redblacktree,Melbourne,Sep ’15,10
National Hands Network,"Reigniting ""Locally Made""",https://angel.co/national-hands-network,Melbourne,Apr ’15,2
Dresscode Initiative,Dresscode Initiative is in the business of Fashion & Humanity,https://angel.co/dresscode-initiative,Melbourne,Apr ’15,2
Outroll,The Intelligent Cloud,https://angel.co/outroll,Melbourne,Mar ’16,1
Webfirm Group,Publicly-listed digital media solutions company,https://angel.co/webfirm-group,Melbourne,Apr ’12,5
Outroll Ventures,Venture Capital Through Joint Ventures,https://angel.co/outroll-ventures,Melbourne,Jun ’16,3
TheCarTest,Extended New Car Test Drives,https://angel.co/thecartest,Melbourne,Feb ’16,5
Emit Media,Simple live and on-demand streaming with smarts,https://angel.co/emit,Melbourne,Nov ’15,3
WishRegistry,"Retailer agnostic WISH list tool, empowering customers to WISH, SNAP & SHARE",https://angel.co/wishregistry,Melbourne,Dec ’13,10
Connect Education,Getting top-performing graduates to teach their peers.,https://angel.co/connect-education,Melbourne,Apr ’14,10
Pathobin,Digital pathology hub,https://angel.co/pathobin,Melbourne,Apr ’14,6
NIESM,Seizure  free,https://angel.co/niesm,Melbourne,Apr ’16,2
Eventarc,Online event registration and ticketing,https://angel.co/eventarc,Melbourne,Mar ’12,20
Jump! Careers,Jump! the fastest pathway to success,https://angel.co/jump-careers,Melbourne,Oct ’15,6
Lunch Amigo,Connecting people over meals,https://angel.co/lunch-amigo,Melbourne,Apr ’14,5
Ferocia,Internet banking. Designed for now.,https://angel.co/ferocia,Melbourne,Jan ’14,17
Atlasa,Inspiring travel journeys.,https://angel.co/atlasa,Melbourne,May ’13,6
GoalsHi,World's fun productivity app for kids,https://angel.co/goalshi,Melbourne,Jul ’15,2
RWND,Fun looping videos that rewind.,https://angel.co/rwnd,Melbourne,Oct ’14,10
Cloudspark,We're an API and consultancy company helping businesses modernise and rebrand in the cloud,https://angel.co/cloudspark,Melbourne,Jul ’12,2
OurHome,Helping coordinate what families do and buy at home.,https://angel.co/ourhome,Melbourne,Dec ’14,19
Claiming.com.au,The Australian Medical Billing API,https://angel.co/claiming-com-au,Melbourne,Apr ’14,14
IntelligenceBank,Smart way to share documents and data with your team.,https://angel.co/intelligencebank-1,Melbourne,Aug ’13,3
ISSARA,Ethically handcrafted leather goods,https://angel.co/issara,Melbourne,Apr ’15,1
Wen test,wen test,https://angel.co/wen-test,Melbourne,Apr ’14,2
iTUR,Safety kit to be retrofitted within industrial metal stairs,https://angel.co/itur,Melbourne,Apr ’14,1
Superlive,Fantasy sports meets mobile casual gaming,https://angel.co/superlive,Melbourne,Feb ’14,8
Dropscape,"Virtualize the ""I was here""",https://angel.co/dropapp,Melbourne,Jul ’15,5
Glu IO,Connecting services,https://angel.co/glu-io,Melbourne,Feb ’15,3
Zed Technologies,Patient controlled access to X-rays and scans,https://angel.co/zed-technologies,Melbourne,Mar ’14,21
Smart Urban Villages,Next Generation Sustainable Communities: Morgtage Free,https://angel.co/smart-urban-villages,Melbourne,Jun ’15,3
Punters.com.au,Social networking for horse racing,https://angel.co/punters-com-au-1,Melbourne,Dec ’15,4
Redbubble,Creating the world's largest marketplace for independent artists,https://angel.co/redbubble-1,Melbourne,Jan ’16,15
KareerTracker,,https://angel.co/kareertracker,Melbourne,Sep ’14,3
nightfly Services,SoLoMo nightlife recommendation engine,https://angel.co/nightfly-services-1,Melbourne,Sep ’12,10
SwatchMate,Shazam for color,https://angel.co/swatchmate,Melbourne,Jul ’13,17
GuessBox.io,B2B Verified Lead Generation & Outbound Email Marketing Tool,https://angel.co/guessboxapp,Melbourne,Jan ’16,7
LifeToYou Pty,Wholesome All-Day Snacks,https://angel.co/lifetoyou-pty,Melbourne,May ’14,8
Paygle,cloud based e-receipts and interactive shopping,https://angel.co/paygle,Melbourne,Nov ’15,10
Hello Code,Exist: Understand your life.,https://angel.co/hello-code,Melbourne,Nov ’13,20
FanFuel,We connect brands with influential athletes to create social media endorsement deals,https://angel.co/fanfuel,Melbourne,Jul ’13,21
Sidekicker,Revolutionising the way you hire temporary staff,https://angel.co/sidekicker,Melbourne,Jul ’14,19
Nomnoms,Weekly snack subscriptions for school lunchboxes,https://angel.co/nomnoms,Melbourne,May ’15,5
Slingshot Accelerator,Slingshot. We bring startups and and corporates together,https://angel.co/slingshot-accelerator,Sydney,Jun ’13,29
Airspaced,Connecting owners of commercial real estate with short-term tenants.,https://angel.co/airspaced-1,Melbourne,Dec ’13,15
Circulus Education,Digital Education Solutions,https://angel.co/circulus-education,Melbourne,Oct ’13,11
Hypetap,Influencer marketing platform,https://angel.co/hypetap,Melbourne,Apr ’14,11
Scann3d,Transforming physical places into digital spaces,https://angel.co/scann3d-1,Melbourne,Mar ’16,6
AUUG,Motion-based musical instruments,https://angel.co/auug-1,Melbourne,Sep ’14,11
StreetAdvisor,Yelp for Neighborhoods/Cities,https://angel.co/streetadvisor,Melbourne,Nov ’15,4
Silicon Beach OZ,Your Personal Tour Guide To The Australian Tech & Startup Community,https://angel.co/silicon-beach-oz,Melbourne,Mar ’13,20
ServiceRage,We track it — so you can avoid it.,https://angel.co/servicerage,Melbourne,Apr ’13,11
cheapstart,Run small business online affordably,https://angel.co/cheapstart,Melbourne,Sep ’11,16
121Gym,Smarter Workouts using your Pebble Watch,https://angel.co/121gym-1,Melbourne,Mar ’15,2
Moneytribe,Connect with people who have the same products and providers to buy smarter.,https://angel.co/moneytribe,Melbourne,Nov ’11,17
Limbr,Social support network & on-demand mental healthcare,https://angel.co/limbr,Melbourne,Sep ’15,11
Even Keel Lawyers,Venture-Focused Australian Legal Practice,https://angel.co/even-keel-lawyers,Melbourne,Jan ’13,17
Quanticare Technologies,Using data to keep people out of hospital,https://angel.co/quanticare-technologies,Melbourne,Apr ’14,10
dealroom.me,Seamless Negotiation,https://angel.co/dealroom-me,Melbourne,Nov ’13,16
flood.io,Distributed cloud load testing,https://angel.co/flood-io,Melbourne,Jun ’14,6
Melbourne Angels,Most Active Angel Investor Group in Victoria,https://angel.co/melbourne-angels-1,Melbourne,Aug ’14,26
Happily Contented,Content for consumers,https://angel.co/happily-contented,Melbourne,Mar ’16,1
FatSecret,Google for food and nutrition.,https://angel.co/fatsecret,Melbourne,Jan ’14,17
Socialbridge.me,Connecting the real world with the virtual - one QR code at a time.,https://angel.co/socialbridge-me,Melbourne,Aug ’12,10
Sky Software,CRM for education providers,https://angel.co/sky-software,Melbourne,Aug ’12,4
Last Chance Ads,'priceline.com' for advertising,https://angel.co/last-chance-ads,Melbourne,Jul ’11,26
Taggd,Transform UGC into focused endorsements for your products and value for your brand.,https://angel.co/taggd,Melbourne,Dec ’14,7
Spot Hop,Make outdoors fun,https://angel.co/spot-hop,Melbourne,May ’14,7
PredictiveMatch,Real-time behavioural classifieds recommendation engine,https://angel.co/predictivematch,Melbourne,Apr ’14,10
SCANN3D,Interior 3D Visualisation,https://angel.co/scann3d,Melbourne,Apr ’14,22
Who Gives a Crap,Toilet paper that builds toilets for those in need.,https://angel.co/who-gives-a-crap,Melbourne,Dec ’15,11
Metaverse Makeovers,"AR DESIGNS  YOU CAN WEAR, SHARE, CUSTOMIZE & BUY",https://angel.co/metaverse-makeovers,Melbourne,Mar ’13,30
Digital Property Group,Real Estate Property Portal,https://angel.co/digital-property-group,Melbourne,Jun ’14,9
Tetris Digital,,https://angel.co/tetris-digital,Melbourne,Oct ’13,3
PetStay,Local pet accomodation,https://angel.co/petstay,Melbourne,Aug ’15,4
SapientNitro,Are you our next Director of Technology?,https://angel.co/sapientnitro-1,Melbourne,Jun ’15,2
Zank & Company,Intelligent wealth management system,https://angel.co/zank-company,Melbourne,Apr ’14,7
Sprout,A marketplace for kitchen space.,https://angel.co/sprout-8,Melbourne,May ’16,5
PMAnalytix,Long term monitoring patients,https://angel.co/pmanalytix-1,Melbourne,Apr ’14,10
Ecoh,Wearable communications & safety,https://angel.co/ecoh,Melbourne,Apr ’14,4
Urban RPG,Online Street Based RPG Game,https://angel.co/urban-rpg,Melbourne,Jul ’11,18
Truckies,Truckies instantly connects shippers with licensed truck-drivers via a simple to use app,https://angel.co/truckies,Melbourne,Jun ’16,2
sparemetre,"Closer, Simple, Storage",https://angel.co/sparemetre,Melbourne,Nov ’15,1
Applianc.es,A speciality appliance retail store,https://angel.co/applianc-es,Melbourne,Jun ’12,3
MyGolgi,Constant tracking and feedback of body position,https://angel.co/mygolgi,Melbourne,Sep ’15,7
Nextstretch,discover short courses around you,https://angel.co/nextstretch,Melbourne,Oct ’12,10
Travel Network,An affiliate focused travel network based around niche travel products and destinations,https://angel.co/travel-network,Melbourne,Jun ’12,9
ChargeDesk,Remarkable Billing Support,https://angel.co/chargedesk,Melbourne,Mar ’15,5
TerraLingo,The Social world speaks my language,https://angel.co/terralingo,Melbourne,Aug ’13,11
Lialina,Grow businesses. Empower brands.,https://angel.co/lialina,Melbourne,Apr ’14,2
Zoop,A simple e-commerce platform and mentor in one,https://angel.co/zoop,Melbourne,Jan ’13,10
MAI Capital,Australian venture capital Fund,https://angel.co/mai-capital,Melbourne,Mar ’16,1
Shoptt Commerce,Choose how you sell online! Web. Mobile. Email. Social,https://angel.co/shoptt-commerce,Melbourne,Sep ’14,14
Warbler,Warbler is the API for Points and Rewards,https://angel.co/warbler-digital,Chicago,Sep ’14,10
CheckinLine,Smarter access to things in high demand,https://angel.co/checkinline,Melbourne,Sep ’12,12
Deposits,Make Local Banking Global,https://angel.co/deposits-2,Melbourne,Jan ’13,20
eLEDGER,Google Docs for Bookkeeping,https://angel.co/eledger,Melbourne,Jan ’13,10
WordPorn.com,(Follow this page to get updated on the launch),https://angel.co/wordporn,Melbourne,Jul ’15,1
Twiitch,"Fun, friendly, quality games (Rovio)",https://angel.co/twiitch,Melbourne,Aug ’12,5
Wuit,Building web applications that make sense.,https://angel.co/wuit,Melbourne,Jun ’11,17
MiiBrand,Connecting fans with fashion brands,https://angel.co/miibrand,Melbourne,Apr ’13,12
Gymi (Gym Intelligence Wearables),Smart clothes for a smart workout,https://angel.co/gymi-gym-intelligence-wearables,Melbourne,May ’14,7
SupermixME,Premium superfood blends,https://angel.co/supermixme,Melbourne,Aug ’14,2
Kibl,Solar powered pet GPS and activity trackers,https://angel.co/kibl,Melbourne,Nov ’15,4
Oplicious,"We Sell Your Unloved Fashion. Famous Brands, Secondhand. Style at 80% Off.",https://angel.co/oplicious,Melbourne,May ’15,2
Virtualnaut,Making shopping more convenient and engaging by providing humanised virtual stores,https://angel.co/virtualnaut,Melbourne,Apr ’14,18
4th Party,We provide social buying technology for households.,https://angel.co/4th-party,Melbourne,Dec ’13,2
Yellloh,The social network for writers,https://angel.co/yellloh,Melbourne,Oct ’13,9
Task Central,Marketplaces for enterprise,https://angel.co/task-central,Melbourne,Jun ’14,8
Allume Energy,PPA & VNM Clean Energy Platform,https://angel.co/allume-energy,Melbourne,Sep ’15,2
V-Patch Medical Systems,Cardiac mHealth System,https://angel.co/v-patch-medical-systems,Melbourne,Aug ’14,9
Collective Campus,Enterprise Innovation School,https://angel.co/collective-campus,Melbourne,Apr ’15,5
Smartbit,Bitcoin block explorer and developer platform,https://angel.co/smartbit-1,Melbourne,Jul ’15,5
Fizeque,On-demand wellness! When and where you want.,https://angel.co/fizeque,Melbourne,Oct ’14,6
Dwell Kept,Home cleaners on demand,https://angel.co/dwell-kept,Melbourne,May ’14,9
RosterCloud,"RosterCloud simplifies events rostering, the way it should be.",https://angel.co/rostercloud,Melbourne,Oct ’12,7
The Mind Room,Wellbeing & performance psychology,https://angel.co/the-mind-room,Melbourne,Apr ’13,8
iCommercial,iCommercial is the leading sales and productivity tool for commercial real estate agents.,https://angel.co/icommercial,Melbourne,Apr ’13,2
Travel Distribution Systems,Disruptive B2B Travel  Distribution,https://angel.co/travel-distribution-systems,Melbourne,Mar ’15,15
FirstStep,Democratising investing,https://angel.co/firststep,Melbourne,Apr ’15,10
Salple,Deep insights from quick surveys,https://angel.co/salple,Melbourne,May ’15,3
Web Marketing ROI,We're a digital marketing agency.,https://angel.co/web-marketing-roi,Melbourne,Jan ’14,3
JoinSomeone,"A social marketplace for leisure activities – find people, places and events here",https://angel.co/joinsomeone,Melbourne,Feb ’13,9
ServiceLocale,Instant transaction platform for high quality local services,https://angel.co/servicelocale,Melbourne,Feb ’14,4
The 2 Week Internship,Online Platform for Student Internships,https://angel.co/the-2-week-internship,Melbourne,Oct ’14,4
The 2 Week Internship,Online Platform For Finding Talent,https://angel.co/the-2-week-internship-1,Melbourne,Sep ’14,6
Contact Light,,https://angel.co/contact-light,Melbourne,Mar ’15,8
Foundr Magazine,Magazine for young entrepreneurs,https://angel.co/foundr-magazine,Melbourne,Jun ’14,5
SocialCoil [uWorkin uOnCall atOnce],Social Media Business online and on mobile,https://angel.co/socialcoil-uworkin-uoncall-atonce,Melbourne,Mar ’12,7
Munch Health,a health app for a better you,https://angel.co/munch-health,Melbourne,Sep ’15,3
PetLoo,,https://angel.co/petloo,Melbourne,Sep ’15,1
Ownerforaday,Premium marketplace and community for the sharing economy,https://angel.co/ownerforaday,Melbourne,Mar ’13,3
StageLabel,Crowd funding for fashion,https://angel.co/stagelabel,Melbourne,Sep ’14,7
Near,Professional Networking,https://angel.co/nearapp,Melbourne,Aug ’14,6
Smarter Charger Pty,Portable Device Chargers,https://angel.co/smarter-charger-pty,Melbourne,Aug ’14,4
Shoozii,"3D shoe design application allowing you to design, buy and sell your own shoes.",https://angel.co/shoozii,Melbourne,Oct ’15,5
Boutique Bride,Groupon For Brides!,https://angel.co/boutique-bride,Melbourne,Dec ’11,6
Airly,Unlimited private flights for one flat monthly fee.,https://angel.co/airly-2,Melbourne,Dec ’15,9
Cab Cue,Taxi Hailing App for Business,https://angel.co/cab-cue,Melbourne,Mar ’14,3
BodyWise,Data-based mobile health & fitness trainer,https://angel.co/bodywise,Melbourne,Oct ’13,7
Wod Clock,"Record and Share your Wods and Lifts, with your friends",https://angel.co/wod-clock,Melbourne,Sep ’14,1
Huffle,Digital bank,https://angel.co/huffle,Melbourne,May ’15,13
Fewe.st,Subscription for passionate spirits,https://angel.co/fewe-st,Melbourne,Apr ’14,1
rocqup,Health and Beauty Marketplace,https://angel.co/rocqup,Melbourne,Mar ’16,3
Community Broadcasting Foundation,,https://angel.co/community-broadcasting-fund,Melbourne,Nov ’15,1
Telo,Digital money that anyone could use.,https://angel.co/telo-2,Melbourne,Nov ’13,4
Foover - Food Movers,Marketplace for Food Delivery Drivers on Demand,https://angel.co/foover-food-movers,Melbourne,Mar ’16,6
Parkhound,Raiders of the Lost Park,https://angel.co/parkhound,Melbourne,Feb ’14,8
Side Racket,"Create, discover & join amazing projects on Side Racket",https://angel.co/side-racket,Melbourne,Nov ’13,4
Aston Club,Pay your bar & restaurant bill with your phone and earn exclusive members only rewards.,https://angel.co/aston-club,Melbourne,Jun ’13,18
Bitfy,Bitfy Provides RSYNC based disaster recovery solutions with local recovery options,https://angel.co/bitfy,Melbourne,Jun ’16,1
Eventfuel.io,Make your events count with Eventfuel.io!,https://angel.co/eventfuel,Lisbon,Apr ’12,24
jTribe Labs,Mobile solutions that matter,https://angel.co/jtribe-labs,Melbourne,Oct ’12,8
Crosstivity,Smarter marketing,https://angel.co/crosstivity,Melbourne,Nov ’14,3
Studio Pennant,"Graphic design, branding, UI/UX",https://angel.co/studio-pennant,Melbourne,Nov ’12,5
Snobal,VR platform for virtual learning experiences,https://angel.co/snobal,Melbourne,Apr ’15,5
Wise Guides,Real travel insight from real people.,https://angel.co/wise-guides,Melbourne,Feb ’14,5
Gleam,Action Marketing Platform,https://angel.co/gleam,Melbourne,Sep ’13,10
PetHomeStay,Airbnb for Pets in Australia,https://angel.co/pethomestay,Melbourne,Nov ’14,10
Retail Superstore,Multiple Products. Multiple Retailers. One Checkout.,https://angel.co/retail-superstore,Melbourne,Jul ’14,3
MeetLinkShare,Together Everywhere,https://angel.co/meetlinkshare,Melbourne,Mar ’12,16
Mobileroo Pty,Mobileroo is a iOS and Android app development company,https://angel.co/mobileroo-pty,Melbourne,Sep ’12,4
gText,Group SMS platform,https://angel.co/gtext,Melbourne,Sep ’12,4
DELUX,DELUX is a fleet management system,https://angel.co/delux,Melbourne,Sep ’12,4
Prop X,Crowd funded and sourced video,https://angel.co/prop-x,Melbourne,Jun ’12,13
Snapp,Mobile-first ecommerce platform. Like Shopify for apps.,https://angel.co/snapp-mobile,Melbourne,Sep ’15,4
Superapps,Software as service mobile services platform for Austrealian superannuation funds.,https://angel.co/superapps,Melbourne,Jan ’13,4
Haggell,Your own personal deals,https://angel.co/haggell,Melbourne,May ’14,7
You Decide,Mobile App that will revolutionize the Health & Fitness Industry,https://angel.co/you-decide,Melbourne,Sep ’15,2
Fay's Blend Pty,"Fay's is an all-natural,unpasteurized full blend of 100% organic veggies, fruits and nuts.",https://angel.co/fay-s-blend-pty,Melbourne,Apr ’14,4
HOTDESK,Airbnb meets train ticket meets office space,https://angel.co/hotdesk-1,Melbourne,May ’14,9
Sportsmate Mobile,,https://angel.co/sportsmate-mobile,Melbourne,Aug ’14,1
Movr,an ecosystem for people who love and make movies,https://angel.co/movr,Melbourne,Dec ’11,11
Today We Learned,Improving conversations -> relationships -> learning -> education,https://angel.co/todaywelearned,Melbourne,Sep ’15,5
Laika Travel,"Tinder style search engine for adventure travel. Offering over 2,000 experiences!",https://angel.co/laika-travel,Melbourne,Jun ’16,3
Tiny Machine Collective,Interactive experience laboratory,https://angel.co/tiny-machine-collective,Melbourne,Dec ’14,4
Windsale Marketing,Retail intelligence. Insight into action advertising.,https://angel.co/windsale-marketing,Melbourne,Mar ’12,22
HOPE CELL TECHNOLOGIES,Improved energy efficiency and lower polution in power generation,https://angel.co/hope-cell-technologies,Melbourne,Sep ’11,17
InTouch,Your phone as private messaging hub: Direct P2P messaging; Anonymous contact exchange;,https://angel.co/intouch-5,Melbourne,Jun ’14,6
OTTO,SIRI for Driving,https://angel.co/otto-6,Melbourne,Apr ’16,5
EVX Ventures,To make energy independent vehicles  the future of transportation,https://angel.co/evx-pty-ltd,Melbourne,Jun ’15,8
RealtyCrowd,Fundrise for Australia - property investment crowdfunding.,https://angel.co/realtycrowd,Melbourne,May ’14,5
TopDog Capital,Startup Support & Angel Investment Fund,https://angel.co/topdog-capital,Melbourne,May ’16,1
Innerloop,Intelligent job marketplace for tech talent.,https://angel.co/innerloop,Melbourne,Jul ’13,12
teenstr.com,Connect with like-minded teens from around the world,https://angel.co/teenstr-com-1,Melbourne,Jul ’13,1
True Secrets Melbourne,Strange Walking Tour in Melbourne,https://angel.co/true-secrets-melbourne,Melbourne,Nov ’11,9
Studio Proper,Clever accessories for smart devices.,https://angel.co/studio-proper,Melbourne,Feb ’13,4
Property Enchanter,Business Analysis API Services for Commercial Property,https://angel.co/property-enchanter-1,Melbourne,Apr ’14,7
stitch.md,Publication platform for mobile decision support tools,https://angel.co/stitch-md,Melbourne,Apr ’14,6
Zero Agency,,https://angel.co/zero-agency,Melbourne,Apr ’14,1
eymye,Top class cutting edge point of sale systems,https://angel.co/eymye,Melbourne,Apr ’13,5
Pozible,,https://angel.co/pozible,Melbourne,Mar ’15,10
ParentPaperwork,Automate paper forms in schools,https://angel.co/parentpaperwork,Melbourne,Sep ’14,4
August Robotics,Robots in day-to-day life,https://angel.co/august-robotics,Melbourne,Feb ’16,1
Scroll Ice Cream,Cold plate ice cream,https://angel.co/scroll-ice-cream,Melbourne,Apr ’16,2
Vinotourz,Wine experiences worldwide,https://angel.co/vinotourz,Melbourne,Nov ’15,3
Classhopper,Streamlining fitness classes and reservations into single membership,https://angel.co/classhopper,Melbourne,Feb ’15,2
Pretty Rad For A Dad,Kickstarter documentary profiling great dads,https://angel.co/pretty-rad-for-a-dad,Melbourne,Aug ’14,2
The Wine Gallery,Your Personalised Playlist of Monthly Wine.,https://angel.co/thewinegallery-com-au,Sydney,Mar ’15,3
AssignmentHero,Collaboration & Management Tool For University Assignments.,https://angel.co/assignmenthero,Melbourne,Apr ’14,7
honee,Beauty Wellness Fitness Discovery & Booking Platform,https://angel.co/honee,Melbourne,Mar ’16,7
"The Next Wave Accelerator,",Startup surfing 101,https://angel.co/the-next-wave-accelerator-1,Melbourne,Apr ’14,6
Envelope Registry,The beautiful way to ask for money as a gift,https://angel.co/envelope-registry,Melbourne,Aug ’14,6
BlitzCloud,Cloud-Based Tournament Management App,https://angel.co/blitzcloud-1,Melbourne,Apr ’14,6
Opasa,Developing Sankstriti.TV Indian Fine Arts Internet TV Channel,https://angel.co/opasa,Melbourne,Apr ’15,1
Entrepreneurs&Co.,Empowering Australian Entrepreneurs,https://angel.co/entrepreneurs-co,Melbourne,Jun ’15,1
Creo Ludio,Create and 3D Print your Character,https://angel.co/creo-ludio,Melbourne,Apr ’14,10
PlanMyMeal,Eat Healthy Stress-free,https://angel.co/planmymeal,Melbourne,Feb ’16,3
MyMinfo,Shazam for TV Ads PPC,https://angel.co/myminfo,Melbourne,Mar ’16,1
Giggy,"Connecting bands, promoters and venues using data",https://angel.co/giggy,Melbourne,Mar ’14,3
Sports Ollo,Athlete Data Marketplace,https://angel.co/sports-ollo,Melbourne,Jul ’14,7
RiskSafe,Risk Management SaaS Solution for Small Businesses,https://angel.co/risksafe,Melbourne,Sep ’15,4
Compact Shelters,Natural Disaster Aid Relief,https://angel.co/compact-shelters,Melbourne,Oct ’11,8
Handshake,In-person Networking for the 21st Century.,https://angel.co/handshake-12,Melbourne,Jun ’16,1
pheets dot com,online fitness directory,https://angel.co/pheets-dot-com,Melbourne,Apr ’14,3
"Janston PtyLtd.,","SoundsEzee*TM ""makes music easy""",https://angel.co/janston-ptyltd,Melbourne,Mar ’16,1
CareerLounge,Apps for Young Professionals,https://angel.co/careerlounge,Melbourne,May ’15,20
CarServiceSelect,Get Car Service Quotes in real time from Mechanics in your area,https://angel.co/carserviceselect,Melbourne,Jul ’15,6
SQUIZZ.com,The Connected Marketplace - Social eCommerce Supply Chain,https://angel.co/squizz-com,Melbourne,Dec ’15,16
AquaGen Technologies,Ground-Breaking Wave Energy CleanTech,https://angel.co/aquagen-technologies,Melbourne,Nov ’11,20
News Franchise,Boost Juice meets The Huffington Post,https://angel.co/news-franchise-2,Melbourne,Apr ’14,4
Advertising Central Pty,"compare, select and save on advertising (none in market)",https://angel.co/advertising-central-pty,Melbourne,Aug ’14,1
JobAlli,Job site dedicated to university and college students,https://angel.co/joballi,Melbourne,Jul ’15,3
Relectrify,Making energy storage affordable,https://angel.co/relectrify,Melbourne,Nov ’15,3
Everyday Empire,"Digital start-up consulting. Ensure your idea is well thought-out, evaluated and viable.",https://angel.co/everyday-empire,Melbourne,May ’13,5
Kombie,Mobile Social Video Technology,https://angel.co/kombie,Venice Beach,Nov ’15,7
Hinstant,A Better Hotel Experience,https://angel.co/hinstant,Melbourne,Apr ’14,7
Meet3D,3D Printing in a cafe,https://angel.co/meet3d-1,Melbourne,Apr ’14,6
Konnective,Smartphone group messaging,https://angel.co/konnective,Melbourne,Jun ’12,11
Referboard,Pinterest meets Amazon Marketplace,https://angel.co/referboard,Melbourne,Mar ’16,1
Maths Pathway,Maths teaching re-imagined,https://angel.co/maths-pathway,Melbourne,May ’13,4
Trivial Studios,We build apps to solve everyday logistic problems.,https://angel.co/trivial-studios-1,Melbourne,Apr ’14,5
Qivr,,https://angel.co/qivr,Melbourne,Apr ’15,1
childcarespot.com.au,Centralised Child Care Wait List Service,https://angel.co/childcarespot-com-au,Melbourne,Apr ’14,3
Fast Bites,"Tap, Grab and Go!",https://angel.co/fast-bites,Melbourne,Nov ’13,4
Suburbarian,Social media sentiment analysis for suburbs,https://angel.co/suburbarian,Melbourne,Nov ’14,4
Linkedinsider,LinkedIn Business Training Online,https://angel.co/linkedinsider,Melbourne,Jan ’15,1
Stax,Helps cloud managers sleep at night,https://angel.co/stax-4,Melbourne,Jun ’16,1
Blift,Carpooling for Corporates and Universities,https://angel.co/blift,Melbourne,Nov ’13,7
ECAL,Dynamic calendar marketing,https://angel.co/ecal-1,Melbourne,Nov ’13,6
Chuffed.org,Crowdfunding social cause projects that change the world,https://angel.co/chuffed-org,Melbourne,Dec ’15,3
WaveChat,Social Life Made Simple,https://angel.co/wavechat,Melbourne,Sep ’15,2
Atlas Capital,Consulting & investments,https://angel.co/atlas-capital-1,Melbourne,Nov ’13,7
Annex Products,Making your smartphone more usable in more places.,https://angel.co/annex-products,Melbourne,Dec ’13,3
criticone,The secret weapon behind the  most successful online marketers,https://angel.co/criticone,Melbourne,Jul ’14,9
App Compear,Switching mobile phones made easy,https://angel.co/app-compear,Melbourne,Jul ’15,9
CoolAudioStuff,Google translate for sheet music,https://angel.co/coolaudiostuff,Melbourne,May ’15,4
CreateOne,A People Development Company,https://angel.co/createone,Melbourne,Jul ’12,4
The Shop for Change,A marketplace allowing disadvantaged sellers to sell directly to consumers.,https://angel.co/the-shop-for-change,Melbourne,Jul ’12,11
MyMic,MyMic is a Mobile App & Audience Response System.,https://angel.co/mymic-1,Melbourne,May ’16,1
Pentagon,Near-Real Time Competitive Price Intelligence,https://angel.co/pentagon,Melbourne,May ’13,4
Road Angels,Uber for Roadside Assistance,https://angel.co/road-angels,Melbourne,Feb ’14,9
vTextbook,"Online questions, lectures and solutions",https://angel.co/vtextbook,Melbourne,Apr ’14,2
Tripp Technology,Industrial Robotics and custom industrial design,https://angel.co/tripp-technology,Melbourne,Jun ’14,2
Loop Platform,Loop creates more moments for feedback,https://angel.co/loop-platform,Melbourne,Apr ’16,2
GiveShop,Turning things into dollars for change,https://angel.co/giveshop-1,Melbourne,Apr ’14,4
Boomeringo,Money management made easy,https://angel.co/boomeringo,Melbourne,Jul ’14,8
Whatdoc,Mobile injury assessment and guidance,https://angel.co/whatdoc,Melbourne,May ’15,3
Less Work More Life,,https://angel.co/less-work-more-life,Melbourne,Mar ’12,5
Be Your Own,Sustainable Health for all Communities,https://angel.co/be-your-own-pty-ltd,Melbourne,May ’15,1
Periop Partners,Better access to personalised healthcare,https://angel.co/periop-partners-1,Melbourne,May ’16,3
Test,10,https://angel.co/test-154,Melbourne,Jul ’13,1
My Green World,"Wildlife and environmental conservation, education and innovation.",https://angel.co/my-green-world-1,Melbourne,Apr ’14,17
InfinityList,Leading Cinematic Video,https://angel.co/infinitylist-1,Melbourne,Apr ’13,6
Future Grid,Turning real-time data into action,https://angel.co/future-grid,Melbourne,Mar ’15,6
BrainPoll,Mobile Polling. Digital Democracy.,https://angel.co/brainpoll,Melbourne,Apr ’14,4
TBC,App to facilitate social engagement with customers via selfies,https://angel.co/tbc-7,Melbourne,Sep ’15,1
Schedugram,Instagram interface for brands,https://angel.co/schedugram,Melbourne,Jan ’14,5
Taidan Social,Social media management that grows with brands,https://angel.co/taidan-social,Melbourne,May ’14,4
"JANSTON PtyLtd.,(Australia)","SOUNDSEZEE*TM ""makes music easy"" with ""Scientific interactive Music Palette Apps""",https://angel.co/janston-ptyltd-australia,Melbourne,Mar ’12,5
Shoten,Search engine with personalized deep linguistic capabilities,https://angel.co/shoten,Melbourne,Jul ’16,2
WikiBackPacker,"Find campsites, hostels & other amenities for travelling near you or anywhere in the world",https://angel.co/wikibackpacker,Melbourne,May ’16,2
homely.com.au,Australia's most beautiful real estate portal,https://angel.co/homely-com-au,Melbourne,Sep ’15,7
Eventca,Cloud-based Event Calendar CMS,https://angel.co/eventca,Melbourne,Sep ’13,4
VURL,Communicate through videos,https://angel.co/vurl-1,Melbourne,Mar ’13,7
Agersens,Virtual Fence for Livestock,https://angel.co/agersens,Melbourne,Feb ’15,2
SpectaclesX,"The perfect pair, in-store or online",https://angel.co/spectaclesx,Melbourne,Apr ’14,5
Jobbop,,https://angel.co/jobbop,Melbourne,Apr ’14,5
Tripalocal,Airbnb for real local experiences - Connecting travellers with locals,https://angel.co/tripalocal,Melbourne,May ’14,10
Cubescape,,https://angel.co/cubescape,Melbourne,Apr ’15,1